REF;DESIGNATION;COLOR;SIZE;COLOR CODE;SIZE CODE;DATE TO RECEIVE;QUANTITY;BARCODE;SKU;GS1_EAN13
SP112;Unisex Wool Scarf;Beige Cream;One Size;102102;102101;22/12/2026;280;;SP112_102102_102101;3663639727808
SP112;Unisex Wool Scarf;Black;One Size;102103;102101;22/12/2026;280;;SP112_102103_102101;3663639727815
SP112;Unisex Wool Scarf;Moon Grey Heather;One Size;102104;102101;22/12/2026;280;;SP112_102104_102101;3663639727822
SP112;Unisex Wool Scarf;Navy Blue;One Size;102105;102101;22/12/2026;280;;SP112_102105_102101;3663639727839
SP112;Unisex Wool Scarf;Volcano Grey Heather;One Size;102106;102101;22/12/2026;280;;SP112_102106_102101;3663639727846
SP122;Linen shopping bag;Ivory;One Size;91632;91630;08/10/2026;1100;;SP122_91632_91630;3663938365374
SP122;Linen shopping bag;Wet Sand;One Size;91636;91630;07/10/2026;650;;SP122_91636_91630;3663938365411
SP140;Unisex scarf;Grey Circles;One Size;93568;93567;19/11/2026;230;;SP140_93568_93567;3663639146159
SP140;Unisex scarf;Grey Circles;One Size;93568;93567;17/12/2026;10;;SP140_93568_93567;3663639146159
SP141;Unisex scarf;Marine Twill Stripes;One Size;93570;93569;08/10/2026;268;;SP141_93570_93569;3663639146166
SP141;Unisex scarf;Marine Twill Stripes;One Size;93570;93569;19/11/2026;320;;SP141_93570_93569;3663639146166
SP142;Unisex reversible scarf;Blue Stripes / Brown Herringbone;One Size;93572;93571;19/11/2026;320;;SP142_93572_93571;3663639146173
SP143;Unisex reversible scarf;Blue Patchwork / Blue Checkerboard;One Size;93574;93573;08/10/2026;320;;SP143_93574_93573;3663639146180
SP144;Unisex reversible scarf;Brown Patchwork / Brown Checkboard;One Size;93576;93575;19/11/2026;320;;SP144_93576_93575;3663639146197
SP145;Unisex scarf;White Floral Blue;One Size;93578;93577;08/10/2026;274;;SP145_93578_93577;3663639146203
SP145;Unisex scarf;White Floral Blue;One Size;93578;93577;19/11/2026;305;;SP145_93578_93577;3663639146203
SP145;Unisex scarf;White Floral Blue;One Size;93578;93577;17/12/2026;15;;SP145_93578_93577;3663639146203
SP146;Unisex scarf;Blue Double Stripes;One Size;93794;93793;08/10/2026;320;;SP146_93794_93793;3663639146210
SP146;Unisex scarf;Blue Double Stripes;One Size;93794;93793;19/11/2026;480;;SP146_93794_93793;3663639146210
SP147;Unisex scarf;Brown Classic Checks;One Size;93834;93833;19/11/2026;320;;SP147_93834_93833;3663639146227
SP148;Unisex scarf;Sand Medallion;One Size;93853;93852;08/10/2026;261;;SP148_93853_93852;3663639146234
SP148;Unisex scarf;Sand Medallion;One Size;93853;93852;19/11/2026;320;;SP148_93853_93852;3663639146234
SP149;Unisex scarf;Greenish Shadow Checks;One Size;93864;93863;08/10/2026;320;;SP149_93864_93863;3663639146241
SP150;Unisex scarf;Blue Classic Checks;One Size;93905;93904;19/11/2026;480;;SP150_93905_93904;3663639146258
SP151;Unisex scarf;Urban Grey Stripes;One Size;93925;93924;19/11/2026;400;;SP151_93925_93924;3663639146265
SP152;Unisex scarf;Blue Checks;One Size;93936;93935;19/11/2026;392;;SP152_93936_93935;3663639146272
SP152;Unisex scarf;Blue Checks;One Size;93936;93935;17/12/2026;8;;SP152_93936_93935;3663639146272
SP153;Unisex scarf;Green Sunburst;One Size;93938;93937;08/10/2026;313;;SP153_93938_93937;3663639146289
SP153;Unisex scarf;Green Sunburst;One Size;93938;93937;19/11/2026;311;;SP153_93938_93937;3663639146289
SP153;Unisex scarf;Green Sunburst;One Size;93938;93937;17/12/2026;9;;SP153_93938_93937;3663639146289
SP154;Unisex scarf;Olive Crosschecks Marine;One Size;93940;93939;19/11/2026;560;;SP154_93940_93939;3663639146296
SP155;Unisex scarf;Graphite Ink Stripes;One Size;93942;93941;19/11/2026;253;;SP155_93942_93941;3663639146302
SP155;Unisex scarf;Graphite Ink Stripes;One Size;93942;93941;17/12/2026;7;;SP155_93942_93941;3663639146302
SP156;Unisex scarf;Blue Floral Mozaic;One Size;93944;93943;08/10/2026;311;;SP156_93944_93943;3663639146319
SP156;Unisex scarf;Blue Floral Mozaic;One Size;93944;93943;19/11/2026;308;;SP156_93944_93943;3663639146319
SP156;Unisex scarf;Blue Floral Mozaic;One Size;93944;93943;17/12/2026;12;;SP156_93944_93943;3663639146319
SP157;Unisex scarf;Blue Garnet Flowers;One Size;93946;93945;08/10/2026;287;;SP157_93946_93945;3663639146326
SP157;Unisex scarf;Blue Garnet Flowers;One Size;93946;93945;19/11/2026;320;;SP157_93946_93945;3663639146326
SP158;Unisex scarf;Blue Dotted;One Size;93948;93947;19/11/2026;800;;SP158_93948_93947;3663639146333
SP159;Unisex scarf;Grey Pixel Checks;One Size;93950;93949;08/10/2026;72;;SP159_93950_93949;3663639146340
SP159;Unisex scarf;Grey Pixel Checks;One Size;93950;93949;19/11/2026;480;;SP159_93950_93949;3663639146340
SP160;Unisex scarf;Blue Floral Print;One Size;93952;93951;19/11/2026;302;;SP160_93952_93951;3663639146357
SP160;Unisex scarf;Blue Floral Print;One Size;93952;93951;17/12/2026;17;;SP160_93952_93951;3663639146357
SP161;Unisex scarf;Blue Lines;One Size;93954;93953;19/11/2026;720;;SP161_93954_93953;3663639146364
SP203;Eco-friendly men's knitted polo shirt;Almond Green;M;88703;13096;15/01/2027;60;;SP203_88703_13096;3663938621869
SP203;Eco-friendly men's knitted polo shirt;Almond Green;L;88703;13097;15/01/2027;240;;SP203_88703_13097;3663938621876
SP203;Eco-friendly men's knitted polo shirt;Almond Green;XL;88703;13098;15/01/2027;210;;SP203_88703_13098;3663938621883
SP203;Eco-friendly men's knitted polo shirt;Almond Green;XXL;88703;13099;15/01/2027;210;;SP203_88703_13099;3663938621890
SP203;Eco-friendly men's knitted polo shirt;Almond Green;S;88703;88702;15/01/2027;287;;SP203_88703_88702;3663938621906
SP203;Eco-friendly men's knitted polo shirt;Navy Blue;M;88704;13096;15/01/2027;450;;SP203_88704_13096;3663938621913
SP203;Eco-friendly men's knitted polo shirt;Navy Blue;L;88704;13097;15/01/2027;420;;SP203_88704_13097;3663938621920
SP203;Eco-friendly men's knitted polo shirt;Navy Blue;XL;88704;13098;15/01/2027;360;;SP203_88704_13098;3663938621937
SP203;Eco-friendly men's knitted polo shirt;Navy Blue;XXL;88704;13099;15/01/2027;90;;SP203_88704_13099;3663938621944
SP203;Eco-friendly men's knitted polo shirt;Navy Blue;S;88704;88702;15/01/2027;180;;SP203_88704_88702;3663938621951
SP203;Eco-friendly men's knitted polo shirt;Ivory;M;90969;13096;15/01/2027;330;;SP203_90969_13096;3663938662534
SP203;Eco-friendly men's knitted polo shirt;Ivory;L;90969;13097;15/01/2027;330;;SP203_90969_13097;3663938662541
SP203;Eco-friendly men's knitted polo shirt;Ivory;XL;90969;13098;15/01/2027;448;;SP203_90969_13098;3663938662558
SP203;Eco-friendly men's knitted polo shirt;Ivory;XXL;90969;13099;15/01/2027;48;;SP203_90969_13099;3663938662565
SP203;Eco-friendly men's knitted polo shirt;Ivory;S;90969;88702;15/01/2027;259;;SP203_90969_88702;3663938662572
SP203;Eco-friendly men's knitted polo shirt;Organic Khaki;M;90970;13096;15/01/2027;240;;SP203_90970_13096;3663938662589
SP203;Eco-friendly men's knitted polo shirt;Organic Khaki;L;90970;13097;15/01/2027;270;;SP203_90970_13097;3663938662596
SP203;Eco-friendly men's knitted polo shirt;Organic Khaki;XL;90970;13098;15/01/2027;238;;SP203_90970_13098;3663938662602
SP203;Eco-friendly men's knitted polo shirt;Organic Khaki;XXL;90970;13099;15/01/2027;59;;SP203_90970_13099;3663938662619
SP203;Eco-friendly men's knitted polo shirt;Organic Khaki;S;90970;88702;15/01/2027;145;;SP203_90970_88702;3663938662626
SP203;Eco-friendly men's knitted polo shirt;Wet Sand;M;90971;13096;15/01/2027;270;;SP203_90971_13096;3663938662633
SP203;Eco-friendly men's knitted polo shirt;Wet Sand;L;90971;13097;15/01/2027;270;;SP203_90971_13097;3663938662640
SP203;Eco-friendly men's knitted polo shirt;Wet Sand;XL;90971;13098;15/01/2027;150;;SP203_90971_13098;3663938662657
SP203;Eco-friendly men's knitted polo shirt;Wet Sand;XXL;90971;13099;15/01/2027;100;;SP203_90971_13099;3663938662664
SP203;Eco-friendly men's knitted polo shirt;Wet Sand;S;90971;88702;15/01/2027;139;;SP203_90971_88702;3663938662671
SP204;Eco-friendly men's knitted long sleeve polo shirt;Navy Blue;S;93538;93533;12/11/2026;152;;SP204_93538_93533;3663938717289
SP204;Eco-friendly men's knitted long sleeve polo shirt;Navy Blue;M;93538;93534;12/11/2026;205;;SP204_93538_93534;3663938717302
SP204;Eco-friendly men's knitted long sleeve polo shirt;Navy Blue;L;93538;93535;12/11/2026;300;;SP204_93538_93535;3663938717326
SP204;Eco-friendly men's knitted long sleeve polo shirt;Navy Blue;XL;93538;93536;12/11/2026;203;;SP204_93538_93536;3663938717340
SP204;Eco-friendly men's knitted long sleeve polo shirt;Navy Blue;XXL;93538;93537;12/11/2026;117;;SP204_93538_93537;3663938717364
SP204;Eco-friendly men's knitted long sleeve polo shirt;Organic Khaki;S;93539;93533;12/11/2026;97;;SP204_93539_93533;3663938717296
SP204;Eco-friendly men's knitted long sleeve polo shirt;Organic Khaki;M;93539;93534;12/11/2026;240;;SP204_93539_93534;3663938717319
SP204;Eco-friendly men's knitted long sleeve polo shirt;Organic Khaki;L;93539;93535;12/11/2026;300;;SP204_93539_93535;3663938717333
SP204;Eco-friendly men's knitted long sleeve polo shirt;Organic Khaki;XL;93539;93536;12/11/2026;180;;SP204_93539_93536;3663938717357
SP204;Eco-friendly men's knitted long sleeve polo shirt;Organic Khaki;XXL;93539;93537;12/11/2026;64;;SP204_93539_93537;3663938717371
SP220;Men’s linen polo shirt;Navy Blue;M;92029;92020;26/05/2027;250;;SP220_92029_92020;3663938677903
SP220;Men’s linen polo shirt;Navy Blue;L;92029;92021;26/05/2027;400;;SP220_92029_92021;3663938677996
SP220;Men’s linen polo shirt;Navy Blue;XL;92029;92022;26/05/2027;350;;SP220_92029_92022;3663938678085
SP221;Ladies’ linen polo shirt;Ivory;XS;92040;92034;26/05/2027;100;;SP221_92040_92034;3663938678627
SP221;Ladies’ linen polo shirt;Ivory;S;92040;92035;26/05/2027;300;;SP221_92040_92035;3663938678702
SP221;Ladies’ linen polo shirt;Ivory;M;92040;92036;26/05/2027;450;;SP221_92040_92036;3663938678788
SP221;Ladies’ linen polo shirt;Ivory;L;92040;92037;26/05/2027;150;;SP221_92040_92037;3663938678863
SP221;Ladies’ linen polo shirt;Navy Blue;XS;92042;92034;26/05/2027;145;;SP221_92042_92034;3663938678641
SP221;Ladies’ linen polo shirt;Navy Blue;S;92042;92035;26/05/2027;420;;SP221_92042_92035;3663938678726
SP221;Ladies’ linen polo shirt;Navy Blue;M;92042;92036;26/05/2027;237;;SP221_92042_92036;3663938678801
SP221;Ladies’ linen polo shirt;Navy Blue;L;92042;92037;26/05/2027;100;;SP221_92042_92037;3663938678887
SP229;Eco-friendly men's Terry Towel polo shirt;Cool Blue;S;94228;94223;21/01/2027;30;;SP229_94228_94223;3663639144469
SP229;Eco-friendly men's Terry Towel polo shirt;Cool Blue;M;94228;94224;21/01/2027;180;;SP229_94228_94224;3663639144452
SP229;Eco-friendly men's Terry Towel polo shirt;Cool Blue;L;94228;94225;21/01/2027;210;;SP229_94228_94225;3663639144445
SP229;Eco-friendly men's Terry Towel polo shirt;Cool Blue;XL;94228;94226;21/01/2027;113;;SP229_94228_94226;3663639144476
SP229;Eco-friendly men's Terry Towel polo shirt;Cool Blue;XXL;94228;94227;21/01/2027;69;;SP229_94228_94227;3663639144483
SP229;Eco-friendly men's Terry Towel polo shirt;Light Olive Green;S;94229;94223;21/01/2027;48;;SP229_94229_94223;3663639144513
SP229;Eco-friendly men's Terry Towel polo shirt;Light Olive Green;M;94229;94224;21/01/2027;216;;SP229_94229_94224;3663639144506
SP229;Eco-friendly men's Terry Towel polo shirt;Light Olive Green;L;94229;94225;21/01/2027;239;;SP229_94229_94225;3663639144490
SP229;Eco-friendly men's Terry Towel polo shirt;Light Olive Green;XL;94229;94226;21/01/2027;156;;SP229_94229_94226;3663639144520
SP229;Eco-friendly men's Terry Towel polo shirt;Light Olive Green;XXL;94229;94227;21/01/2027;103;;SP229_94229_94227;3663639144537
SP229;Eco-friendly men's Terry Towel polo shirt;Navy Blue;S;94230;94223;21/01/2027;29;;SP229_94230_94223;3663639144568
SP229;Eco-friendly men's Terry Towel polo shirt;Navy Blue;M;94230;94224;21/01/2027;210;;SP229_94230_94224;3663639144551
SP229;Eco-friendly men's Terry Towel polo shirt;Navy Blue;L;94230;94225;21/01/2027;252;;SP229_94230_94225;3663639144544
SP229;Eco-friendly men's Terry Towel polo shirt;Navy Blue;XL;94230;94226;21/01/2027;144;;SP229_94230_94226;3663639144575
SP229;Eco-friendly men's Terry Towel polo shirt;Navy Blue;XXL;94230;94227;21/01/2027;98;;SP229_94230_94227;3663639144582
SP229;Eco-friendly men's Terry Towel polo shirt;White;S;94231;94223;21/01/2027;60;;SP229_94231_94223;3663639144612
SP229;Eco-friendly men's Terry Towel polo shirt;White;M;94231;94224;21/01/2027;206;;SP229_94231_94224;3663639144605
SP229;Eco-friendly men's Terry Towel polo shirt;White;L;94231;94225;21/01/2027;240;;SP229_94231_94225;3663639144599
SP229;Eco-friendly men's Terry Towel polo shirt;White;XL;94231;94226;21/01/2027;90;;SP229_94231_94226;3663639144629
SP229;Eco-friendly men's Terry Towel polo shirt;White;XXL;94231;94227;21/01/2027;24;;SP229_94231_94227;3663639144636
SP320;Men's linen t-shirt;Ivory;S;92054;92047;26/05/2027;298;;SP320_92054_92047;3663938678948
SP320;Men's linen t-shirt;Ivory;M;92054;92048;26/05/2027;650;;SP320_92054_92048;3663938678993
SP320;Men's linen t-shirt;Ivory;L;92054;92049;26/05/2027;400;;SP320_92054_92049;3663938679044
SP320;Men's linen t-shirt;Ivory;XL;92054;92050;26/05/2027;150;;SP320_92054_92050;3663938679099
SP320;Men's linen t-shirt;Organic Khaki;S;92057;92047;26/05/2027;187;;SP320_92057_92047;3663938678962
SP320;Men's linen t-shirt;Organic Khaki;M;92057;92048;26/05/2027;350;;SP320_92057_92048;3663938679013
SP320;Men's linen t-shirt;Organic Khaki;L;92057;92049;26/05/2027;300;;SP320_92057_92049;3663938679068
SP320;Men's linen t-shirt;Organic Khaki;XL;92057;92050;26/05/2027;150;;SP320_92057_92050;3663938679112
SP321;Ladies' V-neck linen t-shirt;Ivory;XS;92067;92060;26/05/2027;100;;SP321_92067_92060;3663938678320
SP321;Ladies' V-neck linen t-shirt;Ivory;S;92067;92061;26/05/2027;250;;SP321_92067_92061;3663938678375
SP321;Ladies' V-neck linen t-shirt;Ivory;M;92067;92062;26/05/2027;300;;SP321_92067_92062;3663938678429
SP321;Ladies' V-neck linen t-shirt;Ivory;L;92067;92063;26/05/2027;250;;SP321_92067_92063;3663938678474
SP321;Ladies' V-neck linen t-shirt;Ivory;XL;92067;92064;26/05/2027;100;;SP321_92067_92064;3663938678528
SP321;Ladies' V-neck linen t-shirt;Organic Khaki;XS;92070;92060;26/05/2027;50;;SP321_92070_92060;3663938678344
SP321;Ladies' V-neck linen t-shirt;Organic Khaki;S;92070;92061;26/05/2027;300;;SP321_92070_92061;3663938678399
SP321;Ladies' V-neck linen t-shirt;Organic Khaki;M;92070;92062;26/05/2027;250;;SP321_92070_92062;3663938678443
SP321;Ladies' V-neck linen t-shirt;Organic Khaki;L;92070;92063;26/05/2027;150;;SP321_92070_92063;3663938678498
SP343;Ladies' linen tank top;Black;XS;91710;91705;26/05/2027;408;;SP343_91710_91705;3663938621296
SP343;Ladies' linen tank top;Black;S;91710;91706;26/05/2027;700;;SP343_91710_91706;3663938621272
SP343;Ladies' linen tank top;Black;M;91710;91707;26/05/2027;900;;SP343_91710_91707;3663938621265
SP343;Ladies' linen tank top;Black;L;91710;91708;26/05/2027;499;;SP343_91710_91708;3663938621258
SP343;Ladies' linen tank top;Black;XL;91710;91709;26/05/2027;127;;SP343_91710_91709;3663938621289
SP343;Ladies' linen tank top;Ivory;XS;91711;91705;26/05/2027;99;;SP343_91711_91705;3663938621340
SP343;Ladies' linen tank top;Ivory;S;91711;91706;26/05/2027;200;;SP343_91711_91706;3663938621326
SP343;Ladies' linen tank top;Ivory;M;91711;91707;26/05/2027;300;;SP343_91711_91707;3663938621319
SP343;Ladies' linen tank top;Ivory;L;91711;91708;26/05/2027;172;;SP343_91711_91708;3663938621302
SP343;Ladies' linen tank top;Ivory;XL;91711;91709;26/05/2027;38;;SP343_91711_91709;3663938621333
SP343;Ladies' linen tank top;Organic Khaki;XS;91712;91705;26/05/2027;5;;SP343_91712_91705;3663938621395
SP343;Ladies' linen tank top;Organic Khaki;M;91712;91707;26/05/2027;100;;SP343_91712_91707;3663938621364
SP343;Ladies' linen tank top;Organic Khaki;XL;91712;91709;26/05/2027;49;;SP343_91712_91709;3663938621388
SP403;Unisex sherpa dropped shoulders quarter zip sweatshirt;Black;XS;96264;96257;08/10/2026;340;;SP403_96264_96257;3663639145176
SP403;Unisex sherpa dropped shoulders quarter zip sweatshirt;Black;S;96264;96258;08/10/2026;795;;SP403_96264_96258;3663639145152
SP403;Unisex sherpa dropped shoulders quarter zip sweatshirt;Black;M;96264;96259;08/10/2026;1385;;SP403_96264_96259;3663639145145
SP403;Unisex sherpa dropped shoulders quarter zip sweatshirt;Black;L;96264;96260;08/10/2026;1150;;SP403_96264_96260;3663639145138
SP403;Unisex sherpa dropped shoulders quarter zip sweatshirt;Black;XL;96264;96261;08/10/2026;580;;SP403_96264_96261;3663639145169
SP403;Unisex sherpa dropped shoulders quarter zip sweatshirt;Black;XXL;96264;96262;07/10/2026;223;;SP403_96264_96262;3663639145183
SP403;Unisex sherpa dropped shoulders quarter zip sweatshirt;Black;3XL;96264;96263;08/10/2026;140;;SP403_96264_96263;3663639145121
SP403;Unisex sherpa dropped shoulders quarter zip sweatshirt;Forest Khaki;XS;96265;96257;08/10/2026;190;;SP403_96265_96257;3663639148832
SP403;Unisex sherpa dropped shoulders quarter zip sweatshirt;Forest Khaki;S;96265;96258;08/10/2026;420;;SP403_96265_96258;3663639148818
SP403;Unisex sherpa dropped shoulders quarter zip sweatshirt;Forest Khaki;M;96265;96259;08/10/2026;990;;SP403_96265_96259;3663639148801
SP403;Unisex sherpa dropped shoulders quarter zip sweatshirt;Forest Khaki;L;96265;96260;07/10/2026;800;;SP403_96265_96260;3663639148795
SP403;Unisex sherpa dropped shoulders quarter zip sweatshirt;Forest Khaki;XL;96265;96261;07/10/2026;356;;SP403_96265_96261;3663639148825
SP403;Unisex sherpa dropped shoulders quarter zip sweatshirt;Forest Khaki;XXL;96265;96262;07/10/2026;130;;SP403_96265_96262;3663639148849
SP403;Unisex sherpa dropped shoulders quarter zip sweatshirt;Forest Khaki;3XL;96265;96263;08/10/2026;100;;SP403_96265_96263;3663639148788
SP403;Unisex sherpa dropped shoulders quarter zip sweatshirt;Wet Sand;XS;96268;96257;08/10/2026;360;;SP403_96268_96257;3663639148900
SP403;Unisex sherpa dropped shoulders quarter zip sweatshirt;Wet Sand;S;96268;96258;07/10/2026;830;;SP403_96268_96258;3663639148887
SP403;Unisex sherpa dropped shoulders quarter zip sweatshirt;Wet Sand;L;96268;96260;07/10/2026;1030;;SP403_96268_96260;3663639148863
SP403;Unisex sherpa dropped shoulders quarter zip sweatshirt;Wet Sand;XL;96268;96261;07/10/2026;550;;SP403_96268_96261;3663639148894
SP403;Unisex sherpa dropped shoulders quarter zip sweatshirt;Wet Sand;XXL;96268;96262;08/10/2026;310;;SP403_96268_96262;3663639148917
SP403;Unisex sherpa dropped shoulders quarter zip sweatshirt;Wet Sand;3XL;96268;96263;08/10/2026;180;;SP403_96268_96263;3663639148856
SP404;Unisex sherpa dropped shoulders full zip sweatshirt;Black;XS;96680;96673;07/10/2026;700;;SP404_96680_96673;3663639145381
SP404;Unisex sherpa dropped shoulders full zip sweatshirt;Black;M;96680;96675;07/10/2026;2780;;SP404_96680_96675;3663639145350
SP404;Unisex sherpa dropped shoulders full zip sweatshirt;Black;XXL;96680;96678;07/10/2026;510;;SP404_96680_96678;3663639145398
SP404;Unisex sherpa dropped shoulders full zip sweatshirt;Forest Khaki;S;96681;96674;08/10/2026;1120;;SP404_96681_96674;3663639148955
SP404;Unisex sherpa dropped shoulders full zip sweatshirt;Forest Khaki;M;96681;96675;07/10/2026;2070;;SP404_96681_96675;3663639148948
SP404;Unisex sherpa dropped shoulders full zip sweatshirt;Forest Khaki;L;96681;96676;08/10/2026;1706;;SP404_96681_96676;3663639148931
SP404;Unisex sherpa dropped shoulders full zip sweatshirt;Forest Khaki;XXL;96681;96678;06/10/2026;400;;SP404_96681_96678;3663639148986
SP404;Unisex sherpa dropped shoulders full zip sweatshirt;Forest Khaki;3XL;96681;96679;07/10/2026;130;;SP404_96681_96679;3663639148924
SP404;Unisex sherpa dropped shoulders full zip sweatshirt;Wet Sand;XS;96684;96673;08/10/2026;700;;SP404_96684_96673;3663639149044
SP404;Unisex sherpa dropped shoulders full zip sweatshirt;Wet Sand;S;96684;96674;08/10/2026;1470;;SP404_96684_96674;3663639149020
SP404;Unisex sherpa dropped shoulders full zip sweatshirt;Wet Sand;M;96684;96675;08/10/2026;2693;;SP404_96684_96675;3663639149013
SP404;Unisex sherpa dropped shoulders full zip sweatshirt;Wet Sand;3XL;96684;96679;08/10/2026;230;;SP404_96684_96679;3663639148993
SP5008;Ladies' linen dress shirt;Organic Khaki;XS;92088;92083;;295;;SP5008_92088_92083;3663938624396
SP5008;Ladies' linen dress shirt;Organic Khaki;S;92088;92084;;275;;SP5008_92088_92084;3663938624389
SP5008;Ladies' linen dress shirt;Organic Khaki;M;92088;92085;;275;;SP5008_92088_92085;3663938624372
SP5008;Ladies' linen dress shirt;Organic Khaki;L;92088;92086;;375;;SP5008_92088_92086;3663938624365
SP5008;Ladies' linen dress shirt;Organic Khaki;XL;92088;92087;;272;;SP5008_92088_92087;3663938625935
SP501;Ladies' Oversize Linen Shirt;Raspberry Sorbet;XS;96275;96269;;100;;SP501_96275_96269;3663639139106
SP501;Ladies' Oversize Linen Shirt;Raspberry Sorbet;S;96275;96270;;425;;SP501_96275_96270;3663639139137
SP501;Ladies' Oversize Linen Shirt;Raspberry Sorbet;M;96275;96271;;150;;SP501_96275_96271;3663639139168
SP501;Ladies' Oversize Linen Shirt;Raspberry Sorbet;L;96275;96272;;150;;SP501_96275_96272;3663639139199
SP501;Ladies' Oversize Linen Shirt;Raspberry Sorbet;XL;96275;96273;;200;;SP501_96275_96273;3663639139229
SP504;Men's linen shirt;Almond Green;XS;92005;91991;15/07/2027;9;;SP504_92005_91991;3663938676029
SP504;Men's linen shirt;Almond Green;S;92005;91992;15/07/2027;145;;SP504_92005_91992;3663938438979
SP504;Men's linen shirt;Almond Green;M;92005;91995;15/07/2027;399;;SP504_92005_91995;3663938438962
SP504;Men's linen shirt;Almond Green;L;92005;91996;15/07/2027;368;;SP504_92005_91996;3663938438955
SP504;Men's linen shirt;Almond Green;XL;92005;91999;15/07/2027;243;;SP504_92005_91999;3663938438986
SP504;Men's linen shirt;Almond Green;XXL;92005;92000;15/07/2027;110;;SP504_92005_92000;3663938438993
SP504;Men's linen shirt;Linen Blue;S;92013;91992;15/07/2027;50;;SP504_92013_91992;3663938249155
SP504;Men's linen shirt;Linen Blue;M;92013;91995;15/07/2027;450;;SP504_92013_91995;3663938249148
SP504;Men's linen shirt;Linen Blue;L;92013;91996;15/07/2027;575;;SP504_92013_91996;3663938249131
SP504;Men's linen shirt;Linen Blue;XL;92013;91999;15/07/2027;325;;SP504_92013_91999;3663938249162
SP504;Men's linen shirt;Linen Blue;XXL;92013;92000;15/07/2027;50;;SP504_92013_92000;3663938249179
SP504;Men's linen shirt;Linen Blue;3XL;92013;92003;15/07/2027;46;;SP504_92013_92003;3663938249124
SP504;Men's linen shirt;Navy Blue;S;92014;91992;15/07/2027;275;;SP504_92014_91992;3663938247366
SP504;Men's linen shirt;Navy Blue;M;92014;91995;15/07/2027;750;;SP504_92014_91995;3663938247359
SP504;Men's linen shirt;Navy Blue;L;92014;91996;15/07/2027;871;;SP504_92014_91996;3663938247342
SP504;Men's linen shirt;Navy Blue;XL;92014;91999;15/07/2027;573;;SP504_92014_91999;3663938247373
SP504;Men's linen shirt;Navy Blue;XXL;92014;92000;15/07/2027;225;;SP504_92014_92000;3663938247380
SP504;Men's linen shirt;Navy Blue;3XL;92014;92003;15/07/2027;46;;SP504_92014_92003;3663938247335
SP504;Men's linen shirt;Organic Khaki;S;92015;91992;15/07/2027;50;;SP504_92015_91992;3663938439037
SP504;Men's linen shirt;Organic Khaki;M;92015;91995;15/07/2027;450;;SP504_92015_91995;3663938439020
SP504;Men's linen shirt;Organic Khaki;L;92015;91996;15/07/2027;425;;SP504_92015_91996;3663938439013
SP504;Men's linen shirt;Organic Khaki;XL;92015;91999;15/07/2027;375;;SP504_92015_91999;3663938439044
SP504;Men's linen shirt;Organic Khaki;XXL;92015;92000;15/07/2027;150;;SP504_92015_92000;3663938439051
SP504;Men's linen shirt;Organic Khaki;3XL;92015;92003;15/07/2027;50;;SP504_92015_92003;3663938439006
SP504;Men's linen shirt;White;XS;92018;91991;12/05/2027;100;;SP504_92018_91991;3663938617312
SP504;Men's linen shirt;White;S;92018;91992;12/05/2027;450;;SP504_92018_91992;3663938247304
SP504;Men's linen shirt;White;M;92018;91995;12/05/2027;1155;;SP504_92018_91995;3663938247298
SP504;Men's linen shirt;White;L;92018;91996;12/05/2027;883;;SP504_92018_91996;3663938247281
SP504;Men's linen shirt;White;XL;92018;91999;12/05/2027;591;;SP504_92018_91999;3663938247311
SP504;Men's linen shirt;White;XXL;92018;92000;12/05/2027;200;;SP504_92018_92000;3663938247328
SP504;Men's linen shirt;White;3XL;92018;92003;12/05/2027;125;;SP504_92018_92003;3663938247274
SP504;Men's linen shirt;Linen;S;93455;91992;12/05/2027;100;;SP504_93455_91992;3663938247427
SP504;Men's linen shirt;Linen;M;93455;91995;12/05/2027;525;;SP504_93455_91995;3663938247410
SP504;Men's linen shirt;Linen;L;93455;91996;12/05/2027;650;;SP504_93455_91996;3663938247403
SP504;Men's linen shirt;Linen;XL;93455;91999;12/05/2027;575;;SP504_93455_91999;3663938247434
SP504;Men's linen shirt;Linen;XXL;93455;92000;12/05/2027;200;;SP504_93455_92000;3663938247441
SP505;Ladies’ linen shirt;Navy Blue;XS;92108;92091;15/07/2027;75;;SP505_92108_92091;3663938247557
SP505;Ladies’ linen shirt;Navy Blue;S;92108;92093;15/07/2027;325;;SP505_92108_92093;3663938247533
SP505;Ladies’ linen shirt;Navy Blue;M;92108;92094;15/07/2027;375;;SP505_92108_92094;3663938247526
SP505;Ladies’ linen shirt;Navy Blue;L;92108;92097;15/07/2027;250;;SP505_92108_92097;3663938247519
SP505;Ladies’ linen shirt;White;XS;92111;92091;12/05/2027;150;;SP505_92111_92091;3663938247496
SP505;Ladies’ linen shirt;White;S;92111;92093;12/05/2027;658;;SP505_92111_92093;3663938247472
SP505;Ladies’ linen shirt;White;M;92111;92094;12/05/2027;675;;SP505_92111_92094;3663938247465
SP505;Ladies’ linen shirt;White;L;92111;92097;08/10/2026;4;;SP505_92111_92097;3663938247458
SP505;Ladies’ linen shirt;White;L;92111;92097;12/05/2027;325;;SP505_92111_92097;3663938247458
SP505;Ladies’ linen shirt;White;XL;92111;92098;12/05/2027;125;;SP505_92111_92098;3663938247489
SP505;Ladies’ linen shirt;White;XXL;92111;92101;12/05/2027;50;;SP505_92111_92101;3663938247502
SP505;Ladies’ linen shirt;Linen;XS;93457;92091;12/05/2027;25;;SP505_93457_92091;3663938247618
SP505;Ladies’ linen shirt;Linen;S;93457;92093;12/05/2027;200;;SP505_93457_92093;3663938247595
SP505;Ladies’ linen shirt;Linen;M;93457;92094;12/05/2027;475;;SP505_93457_92094;3663938247588
SP505;Ladies’ linen shirt;Linen;L;93457;92097;12/05/2027;250;;SP505_93457_92097;3663938247571
SP505;Ladies’ linen shirt;Linen;XL;93457;92098;12/05/2027;75;;SP505_93457_92098;3663938247601
SP506IC;Eco-friendly men's shirt;White;M;92124;92113;06/10/2026;640;;SP506IC_92124_92113;3663938370880
SP508;Unisex sherpa dropped shoulders overshirt;Black;XS;94062;94055;08/10/2026;160;;SP508_94062_94055;3663639145596
SP508;Unisex sherpa dropped shoulders overshirt;Black;L;94062;94058;08/10/2026;502;;SP508_94062_94058;3663639145558
SP508;Unisex sherpa dropped shoulders overshirt;Black;XL;94062;94059;07/10/2026;150;;SP508_94062_94059;3663639145589
SP508;Unisex sherpa dropped shoulders overshirt;Black;3XL;94062;94061;07/10/2026;140;;SP508_94062_94061;3663639145541
SP508;Unisex sherpa dropped shoulders overshirt;Forest Khaki;XS;96277;94055;08/10/2026;140;;SP508_96277_94055;3663639149112
SP508;Unisex sherpa dropped shoulders overshirt;Forest Khaki;S;96277;94056;08/10/2026;350;;SP508_96277_94056;3663639149099
SP508;Unisex sherpa dropped shoulders overshirt;Forest Khaki;M;96277;94057;08/10/2026;570;;SP508_96277_94057;3663639149082
SP508;Unisex sherpa dropped shoulders overshirt;Forest Khaki;L;96277;94058;08/10/2026;510;;SP508_96277_94058;3663639149075
SP508;Unisex sherpa dropped shoulders overshirt;Forest Khaki;XL;96277;94059;08/10/2026;240;;SP508_96277_94059;3663639149105
SP508;Unisex sherpa dropped shoulders overshirt;Forest Khaki;XXL;96277;94060;08/10/2026;140;;SP508_96277_94060;3663639149129
SP508;Unisex sherpa dropped shoulders overshirt;Forest Khaki;3XL;96277;94061;08/10/2026;140;;SP508_96277_94061;3663639149068
SP508;Unisex sherpa dropped shoulders overshirt;Wet Sand;XS;96278;94055;07/10/2026;100;;SP508_96278_94055;3663639149181
SP508;Unisex sherpa dropped shoulders overshirt;Wet Sand;S;96278;94056;08/10/2026;323;;SP508_96278_94056;3663639149167
SP508;Unisex sherpa dropped shoulders overshirt;Wet Sand;M;96278;94057;08/10/2026;664;;SP508_96278_94057;3663639149150
SP508;Unisex sherpa dropped shoulders overshirt;Wet Sand;L;96278;94058;08/10/2026;559;;SP508_96278_94058;3663639149143
SP508;Unisex sherpa dropped shoulders overshirt;Wet Sand;XL;96278;94059;08/10/2026;240;;SP508_96278_94059;3663639149174
SP508;Unisex sherpa dropped shoulders overshirt;Wet Sand;XXL;96278;94060;08/10/2026;140;;SP508_96278_94060;3663639149198
SP508;Unisex sherpa dropped shoulders overshirt;Wet Sand;3XL;96278;94061;08/10/2026;120;;SP508_96278_94061;3663639149136
SP525;Men's striped linen shirt;Ivory / Wet Sand Stripes;M;99685;99680;07/10/2026;300;;SP525_99685_99680;3663639151931
SP525;Men's striped linen shirt;Ivory / Wet Sand Stripes;L;99685;99681;08/10/2026;350;;SP525_99685_99681;3663639151924
SP525;Men's striped linen shirt;Ivory / Wet Sand Stripes;XL;99685;99682;07/10/2026;200;;SP525_99685_99682;3663639151955
SP525;Men's striped linen shirt;White / Navy Blue Stripes;M;99686;99680;07/10/2026;375;;SP525_99686_99680;3663639151993
SP525;Men's striped linen shirt;White / Navy Blue Stripes;L;99686;99681;08/10/2026;450;;SP525_99686_99681;3663639151986
SP525;Men's striped linen shirt;White / Navy Blue Stripes;XL;99686;99682;08/10/2026;125;;SP525_99686_99682;3663639152013
SP603;Men's sherpa vest;Black;S;94071;94065;08/10/2026;1251;;SP603_94071_94065;3663639145787
SP603;Men's sherpa vest;Black;M;94071;94066;08/10/2026;2750;;SP603_94071_94066;3663639145770
SP603;Men's sherpa vest;Black;L;94071;94067;08/10/2026;2777;;SP603_94071_94067;3663639145763
SP603;Men's sherpa vest;Black;XL;94071;94068;08/10/2026;1233;;SP603_94071_94068;3663639145794
SP603;Men's sherpa vest;Black;XXL;94071;94069;07/10/2026;550;;SP603_94071_94069;3663639145800
SP603;Men's sherpa vest;Black;3XL;94071;94070;08/10/2026;240;;SP603_94071_94070;3663639145756
SP603;Men's sherpa vest;Forest Khaki;S;96279;94065;08/10/2026;970;;SP603_96279_94065;3663639149235
SP603;Men's sherpa vest;Forest Khaki;M;96279;94066;08/10/2026;2130;;SP603_96279_94066;3663639149228
SP603;Men's sherpa vest;Forest Khaki;L;96279;94067;08/10/2026;2163;;SP603_96279_94067;3663639149211
SP603;Men's sherpa vest;Forest Khaki;XL;96279;94068;08/10/2026;910;;SP603_96279_94068;3663639149242
SP603;Men's sherpa vest;Forest Khaki;XXL;96279;94069;08/10/2026;460;;SP603_96279_94069;3663639149259
SP603;Men's sherpa vest;Forest Khaki;3XL;96279;94070;08/10/2026;120;;SP603_96279_94070;3663639149204
SP603;Men's sherpa vest;Wet Sand;S;96280;94065;08/10/2026;1270;;SP603_96280_94065;3663639149297
SP603;Men's sherpa vest;Wet Sand;M;96280;94066;08/10/2026;2550;;SP603_96280_94066;3663639149280
SP603;Men's sherpa vest;Wet Sand;L;96280;94067;08/10/2026;1662;;SP603_96280_94067;3663639149273
SP603;Men's sherpa vest;Wet Sand;XXL;96280;94069;07/10/2026;660;;SP603_96280_94069;3663639149310
SP603;Men's sherpa vest;Wet Sand;3XL;96280;94070;08/10/2026;230;;SP603_96280_94070;3663639149266
SP604;Ladies' sherpa vest;Black;XS;94079;94074;08/10/2026;90;;SP604_94079_94074;3663639145978
SP604;Ladies' sherpa vest;Black;XS;94079;94074;23/10/2026;220;;SP604_94079_94074;3663639145978
SP604;Ladies' sherpa vest;Black;S;94079;94075;08/10/2026;120;;SP604_94079_94075;3663639145954
SP604;Ladies' sherpa vest;Black;S;94079;94075;23/10/2026;550;;SP604_94079_94075;3663639145954
SP604;Ladies' sherpa vest;Black;M;94079;94076;08/10/2026;200;;SP604_94079_94076;3663639145947
SP604;Ladies' sherpa vest;Black;M;94079;94076;23/10/2026;400;;SP604_94079_94076;3663639145947
SP604;Ladies' sherpa vest;Black;L;94079;94077;08/10/2026;37;;SP604_94079_94077;3663639145930
SP604;Ladies' sherpa vest;Black;L;94079;94077;23/10/2026;270;;SP604_94079_94077;3663639145930
SP604;Ladies' sherpa vest;Black;XL;94079;94078;08/10/2026;30;;SP604_94079_94078;3663639145961
SP604;Ladies' sherpa vest;Black;XL;94079;94078;23/10/2026;70;;SP604_94079_94078;3663639145961
SP604;Ladies' sherpa vest;Forest Khaki;XS;96281;94074;23/10/2026;141;;SP604_96281_94074;3663639149365
SP604;Ladies' sherpa vest;Forest Khaki;S;96281;94075;23/10/2026;576;;SP604_96281_94075;3663639149341
SP604;Ladies' sherpa vest;Forest Khaki;M;96281;94076;23/10/2026;360;;SP604_96281_94076;3663639149334
SP604;Ladies' sherpa vest;Forest Khaki;L;96281;94077;23/10/2026;106;;SP604_96281_94077;3663639149327
SP604;Ladies' sherpa vest;Forest Khaki;XL;96281;94078;23/10/2026;100;;SP604_96281_94078;3663639149358
SP604;Ladies' sherpa vest;Wet Sand;XS;96282;94074;23/10/2026;384;;SP604_96282_94074;3663639149419
SP604;Ladies' sherpa vest;Wet Sand;XS;96282;94074;24/12/2026;590;;SP604_96282_94074;3663639149419
SP604;Ladies' sherpa vest;Wet Sand;S;96282;94075;23/10/2026;982;;SP604_96282_94075;3663639149396
SP604;Ladies' sherpa vest;Wet Sand;S;96282;94075;24/12/2026;820;;SP604_96282_94075;3663639149396
SP604;Ladies' sherpa vest;Wet Sand;M;96282;94076;23/10/2026;795;;SP604_96282_94076;3663639149389
SP604;Ladies' sherpa vest;Wet Sand;M;96282;94076;24/12/2026;950;;SP604_96282_94076;3663639149389
SP604;Ladies' sherpa vest;Wet Sand;L;96282;94077;23/10/2026;424;;SP604_96282_94077;3663639149372
SP604;Ladies' sherpa vest;Wet Sand;L;96282;94077;24/12/2026;480;;SP604_96282_94077;3663639149372
SP604;Ladies' sherpa vest;Wet Sand;XL;96282;94078;23/10/2026;167;;SP604_96282_94078;3663639149402
SP604;Ladies' sherpa vest;Wet Sand;XL;96282;94078;24/12/2026;300;;SP604_96282_94078;3663639149402
SP706;Eco-friendly men's striped swim shorts;White / Iron Grey Stripes;S;99707;99702;23/10/2026;100;;SP706_99707_99702;3663639152037
SP706;Eco-friendly men's striped swim shorts;White / Iron Grey Stripes;M;99707;99703;23/10/2026;349;;SP706_99707_99703;3663639152051
SP706;Eco-friendly men's striped swim shorts;White / Iron Grey Stripes;L;99707;99704;23/10/2026;447;;SP706_99707_99704;3663639152044
SP706;Eco-friendly men's striped swim shorts;White / Iron Grey Stripes;XL;99707;99705;23/10/2026;299;;SP706_99707_99705;3663639152068
SP706;Eco-friendly men's striped swim shorts;White / Iron Grey Stripes;XXL;99707;99706;23/10/2026;46;;SP706_99707_99706;3663639152075
SP706;Eco-friendly men's striped swim shorts;White / Iron Grey Stripes;3XL;99707;100032;23/10/2026;49;;SP706_99707_100032;3663639154680
SP706;Eco-friendly men's striped swim shorts;White / Navy Blue Stripes;S;99708;99702;23/10/2026;99;;SP706_99708_99702;3663639152082
SP706;Eco-friendly men's striped swim shorts;White / Navy Blue Stripes;M;99708;99703;23/10/2026;347;;SP706_99708_99703;3663639152105
SP706;Eco-friendly men's striped swim shorts;White / Navy Blue Stripes;L;99708;99704;23/10/2026;449;;SP706_99708_99704;3663639152099
SP706;Eco-friendly men's striped swim shorts;White / Navy Blue Stripes;XL;99708;99705;23/10/2026;297;;SP706_99708_99705;3663639152112
SP706;Eco-friendly men's striped swim shorts;White / Navy Blue Stripes;XXL;99708;99706;23/10/2026;50;;SP706_99708_99706;3663639152129
SP708;Eco-friendly men's linen and organic cotton trousers;Navy Blue;S;92180;92174;12/05/2027;120;;SP708_92180_92174;3663938328409
SP708;Eco-friendly men's linen and organic cotton trousers;Navy Blue;M;92180;92175;07/10/2026;100;;SP708_92180_92175;3663938328393
SP708;Eco-friendly men's linen and organic cotton trousers;Navy Blue;M;92180;92175;12/05/2027;380;;SP708_92180_92175;3663938328393
SP708;Eco-friendly men's linen and organic cotton trousers;Navy Blue;L;92180;92176;08/10/2026;60;;SP708_92180_92176;3663938328386
SP708;Eco-friendly men's linen and organic cotton trousers;Navy Blue;L;92180;92176;12/05/2027;460;;SP708_92180_92176;3663938328386
SP708;Eco-friendly men's linen and organic cotton trousers;Navy Blue;XL;92180;92177;12/05/2027;320;;SP708_92180_92177;3663938328416
SP708;Eco-friendly men's linen and organic cotton trousers;Navy Blue;XXL;92180;92178;12/05/2027;177;;SP708_92180_92178;3663938328430
SP708;Eco-friendly men's linen and organic cotton trousers;Navy Blue;3XL;92180;92179;12/05/2027;80;;SP708_92180_92179;3663938328379
SP708;Eco-friendly men's linen and organic cotton trousers;Wet Sand;XS;92181;92173;07/10/2026;40;;SP708_92181_92173;3663938328492
SP708;Eco-friendly men's linen and organic cotton trousers;Wet Sand;XS;92181;92173;12/05/2027;160;;SP708_92181_92173;3663938328492
SP708;Eco-friendly men's linen and organic cotton trousers;Wet Sand;S;92181;92174;12/05/2027;654;;SP708_92181_92174;3663938328478
SP708;Eco-friendly men's linen and organic cotton trousers;Wet Sand;M;92181;92175;12/05/2027;900;;SP708_92181_92175;3663938328461
SP708;Eco-friendly men's linen and organic cotton trousers;Wet Sand;L;92181;92176;12/05/2027;760;;SP708_92181_92176;3663938328454
SP708;Eco-friendly men's linen and organic cotton trousers;Wet Sand;XL;92181;92177;12/05/2027;464;;SP708_92181_92177;3663938328485
SP708;Eco-friendly men's linen and organic cotton trousers;Wet Sand;XXL;92181;92178;12/05/2027;216;;SP708_92181_92178;3663938328508
SP708;Eco-friendly men's linen and organic cotton trousers;Wet Sand;3XL;92181;92179;12/05/2027;103;;SP708_92181_92179;3663938328447
SP710;Men's Linen Trousers;Linen Sand;40 FR;92196;92190;25/05/2027;40;;SP710_92196_92190;3663938576893
SP710;Men's Linen Trousers;Linen Sand;42 FR;92196;92191;25/05/2027;320;;SP710_92196_92191;3663938576909
SP710;Men's Linen Trousers;Linen Sand;44 FR;92196;92192;25/05/2027;380;;SP710_92196_92192;3663938576916
SP710;Men's Linen Trousers;Linen Sand;46 FR;92196;92193;25/05/2027;280;;SP710_92196_92193;3663938576923
SP710;Men's Linen Trousers;Linen Sand;48 FR;92196;92194;25/05/2027;40;;SP710_92196_92194;3663938576930
SP711;Men's Linen Bermuda;Linen Sand;36 FR;92207;92199;25/05/2027;20;;SP711_92207_92199;3663938577111
SP711;Men's Linen Bermuda;Linen Sand;38 FR;92207;92200;25/05/2027;223;;SP711_92207_92200;3663938577128
SP711;Men's Linen Bermuda;Linen Sand;40 FR;92207;92201;25/05/2027;466;;SP711_92207_92201;3663938577135
SP711;Men's Linen Bermuda;Linen Sand;42 FR;92207;92202;25/05/2027;400;;SP711_92207_92202;3663938577142
SP711;Men's Linen Bermuda;Linen Sand;44 FR;92207;92203;25/05/2027;540;;SP711_92207_92203;3663938577159
SP711;Men's Linen Bermuda;Linen Sand;46 FR;92207;92204;25/05/2027;339;;SP711_92207_92204;3663938577166
SP711;Men's Linen Bermuda;Linen Sand;48 FR;92207;92205;25/05/2027;177;;SP711_92207_92205;3663938577173
SP713;Ladies' Linen Short;Linen Sand;34 FR;92291;92285;25/05/2027;160;;SP713_92291_92285;3663938577470
SP713;Ladies' Linen Short;Linen Sand;36 FR;92291;92286;25/05/2027;500;;SP713_92291_92286;3663938577487
SP713;Ladies' Linen Short;Linen Sand;38 FR;92291;92287;25/05/2027;540;;SP713_92291_92287;3663938577494
SP713;Ladies' Linen Short;Linen Sand;40 FR;92291;92288;25/05/2027;380;;SP713_92291_92288;3663938577500
SP713;Ladies' Linen Short;Linen Sand;42 FR;92291;92289;25/05/2027;240;;SP713_92291_92289;3663938577517
SP713;Ladies' Linen Short;Linen Sand;44 FR;92291;92290;25/05/2027;104;;SP713_92291_92290;3663938577524
SP713;Ladies' Linen Short;White;34 FR;92292;92285;08/10/2026;220;;SP713_92292_92285;3663938577531
SP713;Ladies' Linen Short;White;36 FR;92292;92286;08/10/2026;480;;SP713_92292_92286;3663938577548
SP713;Ladies' Linen Short;White;38 FR;92292;92287;08/10/2026;480;;SP713_92292_92287;3663938577555
SP713;Ladies' Linen Short;White;40 FR;92292;92288;08/10/2026;220;;SP713_92292_92288;3663938577562
SP713;Ladies' Linen Short;White;42 FR;92292;92289;06/10/2026;80;;SP713_92292_92289;3663938577579
SP729;Eco-friendly Men's Terry Towel Short;Light Olive Green;M;94238;94233;21/01/2027;160;;SP729_94238_94233;3663639144704
SP729;Eco-friendly Men's Terry Towel Short;Light Olive Green;L;94238;94234;21/01/2027;180;;SP729_94238_94234;3663639144698
SP729;Eco-friendly Men's Terry Towel Short;Light Olive Green;XL;94238;94235;21/01/2027;160;;SP729_94238_94235;3663639144728
SP729;Eco-friendly Men's Terry Towel Short;Light Olive Green;XXL;94238;94236;21/01/2027;20;;SP729_94238_94236;3663639144735
SP729;Eco-friendly Men's Terry Towel Short;Navy Blue;M;94239;94233;21/01/2027;140;;SP729_94239_94233;3663639144759
SP729;Eco-friendly Men's Terry Towel Short;Navy Blue;L;94239;94234;21/01/2027;160;;SP729_94239_94234;3663639144742
SP729;Eco-friendly Men's Terry Towel Short;Navy Blue;XL;94239;94235;21/01/2027;140;;SP729_94239_94235;3663639144773
SP729;Eco-friendly Men's Terry Towel Short;Navy Blue;XXL;94239;94236;21/01/2027;60;;SP729_94239_94236;3663639144780
SP733;Ladies' Linen Washed Effect Trousers;Washed Navy Blue;XS;92241;92235;25/05/2027;160;;SP733_92241_92235;3663938625522
SP733;Ladies' Linen Washed Effect Trousers;Washed Navy Blue;S;92241;92236;25/05/2027;560;;SP733_92241_92236;3663938625508
SP733;Ladies' Linen Washed Effect Trousers;Washed Navy Blue;M;92241;92237;25/05/2027;560;;SP733_92241_92237;3663938625492
SP733;Ladies' Linen Washed Effect Trousers;Washed Navy Blue;L;92241;92238;25/05/2027;300;;SP733_92241_92238;3663938625485
SP733;Ladies' Linen Washed Effect Trousers;Washed Navy Blue;XL;92241;92239;25/05/2027;40;;SP733_92241_92239;3663938625515
SP733;Ladies' Linen Washed Effect Trousers;Washed Organic Khaki;S;92242;92236;25/05/2027;380;;SP733_92242_92236;3663938625560
SP733;Ladies' Linen Washed Effect Trousers;Washed Organic Khaki;M;92242;92237;25/05/2027;260;;SP733_92242_92237;3663938625553
SP733;Ladies' Linen Washed Effect Trousers;Washed Organic Khaki;L;92242;92238;25/05/2027;280;;SP733_92242_92238;3663938625546
SP733;Ladies' Linen Washed Effect Trousers;Washed Organic Khaki;XL;92242;92239;25/05/2027;100;;SP733_92242_92239;3663938625577
SP733;Ladies' Linen Washed Effect Trousers;Washed White;L;92243;92238;08/10/2026;20;;SP733_92243_92238;3663938625607
SP900;Eco-friendly Men's Round Neck Jumper;Wet Sand;S;93549;93540;13/11/2026;347;;SP900_93549_93540;3663938718606
SP900;Eco-friendly Men's Round Neck Jumper;Wet Sand;M;93549;93541;13/11/2026;450;;SP900_93549_93541;3663938718644
SP900;Eco-friendly Men's Round Neck Jumper;Wet Sand;L;93549;93542;13/11/2026;265;;SP900_93549_93542;3663938718682
SP900;Eco-friendly Men's Round Neck Jumper;Wet Sand;XL;93549;93543;13/11/2026;175;;SP900_93549_93543;3663938718729
SP900;Eco-friendly Men's Round Neck Jumper;Wet Sand;XXL;93549;93544;13/11/2026;53;;SP900_93549_93544;3663938718767
SP900;Eco-friendly Men's Round Neck Jumper;Wet Sand;3XL;93549;93545;13/11/2026;46;;SP900_93549_93545;3663938719139
