REF;DESIGNATION;COLOR;SIZE;COLOR CODE;SIZE CODE;DATE TO RECEIVE;QUANTITY;BARCODE;SKU;GS1_EAN13
SP100;Striped Fouta;Olive Green Heather;One Size;96244;96243;26/09/2025;1927;;SP100_96244_96243;3663639149631
SP120;Fouta;Cedar Brown Heather;One Size;96246;96245;26/09/2025;1926;;SP120_96246_96245;3663639149648
SP121;Honeycomb striped plaid;Pampa Beige;One Size;96248;96247;26/09/2025;1949;;SP121_96248_96247;3663639149655
SP122;Linen shopping bag;Ivory;One Size;91632;91630;19/09/2025;1100;;SP122_91632_91630;3663938365374
SP122;Linen shopping bag;Wet Sand;One Size;91636;91630;19/09/2025;800;;SP122_91636_91630;3663938365411
SP132;Jute shopping bag;Natural;One Size;91638;91637;03/02/2026;2000;;SP132_91638_91637;3663938365428
SP203;Eco-friendly men's knitted polo shirt;Almond Green;M;88703;13096;06/03/2026;420;;SP203_88703_13096;3663938621869
SP203;Eco-friendly men's knitted polo shirt;Almond Green;L;88703;13097;06/03/2026;240;;SP203_88703_13097;3663938621876
SP203;Eco-friendly men's knitted polo shirt;Almond Green;XL;88703;13098;06/03/2026;150;;SP203_88703_13098;3663938621883
SP203;Eco-friendly men's knitted polo shirt;Almond Green;XXL;88703;13099;06/03/2026;60;;SP203_88703_13099;3663938621890
SP203;Eco-friendly men's knitted polo shirt;Almond Green;S;88703;88702;06/03/2026;120;;SP203_88703_88702;3663938621906
SP203;Eco-friendly men's knitted polo shirt;Navy Blue;M;88704;13096;06/03/2026;240;;SP203_88704_13096;3663938621913
SP203;Eco-friendly men's knitted polo shirt;Navy Blue;L;88704;13097;06/03/2026;270;;SP203_88704_13097;3663938621920
SP203;Eco-friendly men's knitted polo shirt;Navy Blue;XL;88704;13098;06/03/2026;180;;SP203_88704_13098;3663938621937
SP203;Eco-friendly men's knitted polo shirt;Navy Blue;XXL;88704;13099;06/03/2026;120;;SP203_88704_13099;3663938621944
SP203;Eco-friendly men's knitted polo shirt;Navy Blue;S;88704;88702;06/03/2026;119;;SP203_88704_88702;3663938621951
SP203;Eco-friendly men's knitted polo shirt;Ivory;M;90969;13096;06/03/2026;360;;SP203_90969_13096;3663938662534
SP203;Eco-friendly men's knitted polo shirt;Ivory;L;90969;13097;06/03/2026;360;;SP203_90969_13097;3663938662541
SP203;Eco-friendly men's knitted polo shirt;Ivory;XL;90969;13098;06/03/2026;90;;SP203_90969_13098;3663938662558
SP203;Eco-friendly men's knitted polo shirt;Ivory;XXL;90969;13099;06/03/2026;45;;SP203_90969_13099;3663938662565
SP203;Eco-friendly men's knitted polo shirt;Ivory;S;90969;88702;06/03/2026;101;;SP203_90969_88702;3663938662572
SP204;Eco-friendly men's dropped shoulders raw edge collar slub t-Shirt;Navy Blue;S;93538;93533;20/11/2025;30;;SP204_93538_93533;3663938717289
SP204;Eco-friendly men's dropped shoulders raw edge collar slub t-Shirt;Navy Blue;M;93538;93534;20/11/2025;145;;SP204_93538_93534;3663938717302
SP204;Eco-friendly men's dropped shoulders raw edge collar slub t-Shirt;Navy Blue;L;93538;93535;20/11/2025;60;;SP204_93538_93535;3663938717326
SP204;Eco-friendly men's dropped shoulders raw edge collar slub t-Shirt;Navy Blue;XL;93538;93536;20/11/2025;30;;SP204_93538_93536;3663938717340
SP204;Eco-friendly men's dropped shoulders raw edge collar slub t-Shirt;Navy Blue;XXL;93538;93537;20/11/2025;29;;SP204_93538_93537;3663938717364
SP204;Eco-friendly men's dropped shoulders raw edge collar slub t-Shirt;Organic Khaki;S;93539;93533;20/11/2025;10;;SP204_93539_93533;3663938717296
SP204;Eco-friendly men's dropped shoulders raw edge collar slub t-Shirt;Organic Khaki;L;93539;93535;20/11/2025;30;;SP204_93539_93535;3663938717333
SP204;Eco-friendly men's dropped shoulders raw edge collar slub t-Shirt;Organic Khaki;XL;93539;93536;20/11/2025;30;;SP204_93539_93536;3663938717357
SP204;Eco-friendly men's dropped shoulders raw edge collar slub t-Shirt;Organic Khaki;XXL;93539;93537;20/11/2025;20;;SP204_93539_93537;3663938717371
SP217;Men's knitted linen polo shirt;Linen Sand;S;89392;89386;20/10/2025;16;;SP217_89392_89386;3663938621968
SP217;Men's knitted linen polo shirt;Linen Sand;M;89392;89387;20/10/2025;64;;SP217_89392_89387;3663938621999
SP217;Men's knitted linen polo shirt;Linen Sand;L;89392;89388;20/10/2025;87;;SP217_89392_89388;3663938622026
SP217;Men's knitted linen polo shirt;Linen Sand;XL;89392;89389;20/10/2025;50;;SP217_89392_89389;3663938622057
SP217;Men's knitted linen polo shirt;Linen Sand;XXL;89392;89390;20/10/2025;13;;SP217_89392_89390;3663938622088
SP217;Men's knitted linen polo shirt;Linen Sand;3XL;89392;89391;20/10/2025;15;;SP217_89392_89391;3663938622118
SP217;Men's knitted linen polo shirt;Navy Blue;S;89393;89386;20/10/2025;25;;SP217_89393_89386;3663938621975
SP217;Men's knitted linen polo shirt;Navy Blue;M;89393;89387;20/10/2025;112;;SP217_89393_89387;3663938622002
SP217;Men's knitted linen polo shirt;Navy Blue;L;89393;89388;20/10/2025;90;;SP217_89393_89388;3663938622033
SP217;Men's knitted linen polo shirt;Navy Blue;XL;89393;89389;20/10/2025;114;;SP217_89393_89389;3663938622064
SP217;Men's knitted linen polo shirt;Navy Blue;XXL;89393;89390;20/10/2025;11;;SP217_89393_89390;3663938622095
SP217;Men's knitted linen polo shirt;Navy Blue;3XL;89393;89391;20/10/2025;20;;SP217_89393_89391;3663938622125
SP217;Men's knitted linen polo shirt;Organic Khaki;S;89394;89386;20/10/2025;25;;SP217_89394_89386;3663938621982
SP217;Men's knitted linen polo shirt;Organic Khaki;M;89394;89387;20/10/2025;90;;SP217_89394_89387;3663938622019
SP217;Men's knitted linen polo shirt;Organic Khaki;L;89394;89388;20/10/2025;120;;SP217_89394_89388;3663938622040
SP217;Men's knitted linen polo shirt;Organic Khaki;XL;89394;89389;20/10/2025;88;;SP217_89394_89389;3663938622071
SP217;Men's knitted linen polo shirt;Organic Khaki;XXL;89394;89390;20/10/2025;10;;SP217_89394_89390;3663938622101
SP217;Men's knitted linen polo shirt;Organic Khaki;3XL;89394;89391;20/10/2025;21;;SP217_89394_89391;3663938622132
SP220;Men’s linen polo shirt;Black;S;92025;92019;24/02/2026;224;;SP220_92025_92019;3663938677774
SP220;Men’s linen polo shirt;Black;M;92025;92020;24/02/2026;150;;SP220_92025_92020;3663938677866
SP220;Men’s linen polo shirt;Black;L;92025;92021;24/02/2026;250;;SP220_92025_92021;3663938677958
SP220;Men’s linen polo shirt;Black;XL;92025;92022;24/02/2026;150;;SP220_92025_92022;3663938678047
SP220;Men’s linen polo shirt;Black;XXL;92025;92023;24/02/2026;50;;SP220_92025_92023;3663938678139
SP220;Men’s linen polo shirt;Black;3XL;92025;92024;24/02/2026;72;;SP220_92025_92024;3663938678221
SP220;Men’s linen polo shirt;Cool Blue;S;92026;92019;24/02/2026;150;;SP220_92026_92019;3663938677781
SP220;Men’s linen polo shirt;Cool Blue;M;92026;92020;24/02/2026;100;;SP220_92026_92020;3663938677873
SP220;Men’s linen polo shirt;Cool Blue;L;92026;92021;24/02/2026;200;;SP220_92026_92021;3663938677965
SP220;Men’s linen polo shirt;Cool Blue;XL;92026;92022;24/02/2026;250;;SP220_92026_92022;3663938678054
SP220;Men’s linen polo shirt;Cool Blue;XXL;92026;92023;24/02/2026;50;;SP220_92026_92023;3663938678146
SP220;Men’s linen polo shirt;Ivory;S;92027;92019;24/02/2026;149;;SP220_92027_92019;3663938677798
SP220;Men’s linen polo shirt;Ivory;M;92027;92020;24/02/2026;798;;SP220_92027_92020;3663938677880
SP220;Men’s linen polo shirt;Ivory;L;92027;92021;24/02/2026;561;;SP220_92027_92021;3663938677972
SP220;Men’s linen polo shirt;Ivory;XL;92027;92022;24/02/2026;457;;SP220_92027_92022;3663938678061
SP220;Men’s linen polo shirt;Ivory;XXL;92027;92023;24/02/2026;200;;SP220_92027_92023;3663938678153
SP220;Men’s linen polo shirt;Ivory;3XL;92027;92024;24/02/2026;40;;SP220_92027_92024;3663938678245
SP220;Men’s linen polo shirt;Navy Blue;S;92029;92019;24/02/2026;150;;SP220_92029_92019;3663938677811
SP220;Men’s linen polo shirt;Navy Blue;M;92029;92020;24/02/2026;508;;SP220_92029_92020;3663938677903
SP220;Men’s linen polo shirt;Navy Blue;L;92029;92021;24/02/2026;475;;SP220_92029_92021;3663938677996
SP220;Men’s linen polo shirt;Navy Blue;XL;92029;92022;24/02/2026;319;;SP220_92029_92022;3663938678085
SP220;Men’s linen polo shirt;Navy Blue;XXL;92029;92023;24/02/2026;73;;SP220_92029_92023;3663938678177
SP220;Men’s linen polo shirt;Navy Blue;3XL;92029;92024;24/02/2026;32;;SP220_92029_92024;3663938678269
SP220;Men’s linen polo shirt;Organic Khaki;S;92030;92019;24/02/2026;150;;SP220_92030_92019;3663938677828
SP220;Men’s linen polo shirt;Organic Khaki;M;92030;92020;24/02/2026;250;;SP220_92030_92020;3663938677910
SP220;Men’s linen polo shirt;Organic Khaki;L;92030;92021;24/02/2026;200;;SP220_92030_92021;3663938678009
SP220;Men’s linen polo shirt;Organic Khaki;XL;92030;92022;24/02/2026;150;;SP220_92030_92022;3663938678092
SP220;Men’s linen polo shirt;Organic Khaki;XXL;92030;92023;24/02/2026;74;;SP220_92030_92023;3663938678184
SP220;Men’s linen polo shirt;Organic Khaki;3XL;92030;92024;24/02/2026;50;;SP220_92030_92024;3663938678276
SP220;Men’s linen polo shirt;Peacock Blue;S;92031;92019;24/02/2026;150;;SP220_92031_92019;3663938677835
SP220;Men’s linen polo shirt;Peacock Blue;M;92031;92020;24/02/2026;250;;SP220_92031_92020;3663938677927
SP220;Men’s linen polo shirt;Peacock Blue;L;92031;92021;24/02/2026;150;;SP220_92031_92021;3663938678016
SP220;Men’s linen polo shirt;Peacock Blue;XL;92031;92022;24/02/2026;116;;SP220_92031_92022;3663938678108
SP220;Men’s linen polo shirt;Peacock Blue;XXL;92031;92023;24/02/2026;38;;SP220_92031_92023;3663938678191
SP220;Men’s linen polo shirt;Peacock Blue;3XL;92031;92024;24/02/2026;30;;SP220_92031_92024;3663938678283
SP220;Men’s linen polo shirt;Stone Grey;S;92032;92019;24/02/2026;150;;SP220_92032_92019;3663938677842
SP220;Men’s linen polo shirt;Stone Grey;M;92032;92020;24/02/2026;200;;SP220_92032_92020;3663938677934
SP220;Men’s linen polo shirt;Stone Grey;L;92032;92021;24/02/2026;150;;SP220_92032_92021;3663938678023
SP220;Men’s linen polo shirt;Stone Grey;XL;92032;92022;24/02/2026;300;;SP220_92032_92022;3663938678115
SP220;Men’s linen polo shirt;Stone Grey;XXL;92032;92023;24/02/2026;49;;SP220_92032_92023;3663938678207
SP220;Men’s linen polo shirt;Stone Grey;3XL;92032;92024;24/02/2026;27;;SP220_92032_92024;3663938678290
SP220;Men’s linen polo shirt;Wet Sand;S;92033;92019;24/02/2026;100;;SP220_92033_92019;3663938677859
SP220;Men’s linen polo shirt;Wet Sand;M;92033;92020;24/02/2026;350;;SP220_92033_92020;3663938677941
SP220;Men’s linen polo shirt;Wet Sand;L;92033;92021;24/02/2026;300;;SP220_92033_92021;3663938678030
SP220;Men’s linen polo shirt;Wet Sand;XL;92033;92022;24/02/2026;100;;SP220_92033_92022;3663938678122
SP220;Men’s linen polo shirt;Wet Sand;XXL;92033;92023;24/02/2026;100;;SP220_92033_92023;3663938678214
SP220;Men’s linen polo shirt;Wet Sand;3XL;92033;92024;24/02/2026;27;;SP220_92033_92024;3663938678306
SP221;Ladies’ linen polo shirt;Ivory;XS;92040;92034;24/02/2026;122;;SP221_92040_92034;3663938678627
SP221;Ladies’ linen polo shirt;Ivory;S;92040;92035;24/02/2026;200;;SP221_92040_92035;3663938678702
SP221;Ladies’ linen polo shirt;Ivory;M;92040;92036;24/02/2026;150;;SP221_92040_92036;3663938678788
SP221;Ladies’ linen polo shirt;Wet Sand;XS;92046;92034;24/02/2026;149;;SP221_92046_92034;3663938678689
SP221;Ladies’ linen polo shirt;Wet Sand;S;92046;92035;24/02/2026;100;;SP221_92046_92035;3663938678764
SP221;Ladies’ linen polo shirt;Wet Sand;M;92046;92036;24/02/2026;100;;SP221_92046_92036;3663938678849
SP320;Men's linen t-shirt;Black;S;92053;92047;24/02/2026;100;;SP320_92053_92047;3663938678931
SP320;Men's linen t-shirt;Black;M;92053;92048;24/02/2026;100;;SP320_92053_92048;3663938678986
SP320;Men's linen t-shirt;Black;L;92053;92049;24/02/2026;200;;SP320_92053_92049;3663938679037
SP320;Men's linen t-shirt;Black;XL;92053;92050;24/02/2026;250;;SP320_92053_92050;3663938679082
SP320;Men's linen t-shirt;Black;XXL;92053;92051;24/02/2026;161;;SP320_92053_92051;3663938679136
SP320;Men's linen t-shirt;Black;3XL;92053;92052;24/02/2026;63;;SP320_92053_92052;3663938679181
SP320;Men's linen t-shirt;Ivory;S;92054;92047;24/02/2026;150;;SP320_92054_92047;3663938678948
SP320;Men's linen t-shirt;Ivory;M;92054;92048;24/02/2026;300;;SP320_92054_92048;3663938678993
SP320;Men's linen t-shirt;Ivory;L;92054;92049;24/02/2026;350;;SP320_92054_92049;3663938679044
SP320;Men's linen t-shirt;Ivory;XL;92054;92050;24/02/2026;338;;SP320_92054_92050;3663938679099
SP320;Men's linen t-shirt;Ivory;XXL;92054;92051;24/02/2026;187;;SP320_92054_92051;3663938679143
SP320;Men's linen t-shirt;Ivory;3XL;92054;92052;24/02/2026;57;;SP320_92054_92052;3663938679198
SP320;Men's linen t-shirt;Navy Blue;S;92056;92047;24/02/2026;150;;SP320_92056_92047;3663938678955
SP320;Men's linen t-shirt;Navy Blue;M;92056;92048;24/02/2026;150;;SP320_92056_92048;3663938679006
SP320;Men's linen t-shirt;Navy Blue;L;92056;92049;24/02/2026;200;;SP320_92056_92049;3663938679051
SP320;Men's linen t-shirt;Navy Blue;XL;92056;92050;24/02/2026;250;;SP320_92056_92050;3663938679105
SP320;Men's linen t-shirt;Navy Blue;XXL;92056;92051;24/02/2026;100;;SP320_92056_92051;3663938679150
SP320;Men's linen t-shirt;Peacock Blue;S;92058;92047;24/02/2026;48;;SP320_92058_92047;3663938678979
SP320;Men's linen t-shirt;Peacock Blue;M;92058;92048;24/02/2026;191;;SP320_92058_92048;3663938679020
SP320;Men's linen t-shirt;Peacock Blue;L;92058;92049;24/02/2026;156;;SP320_92058_92049;3663938679075
SP320;Men's linen t-shirt;Peacock Blue;XL;92058;92050;24/02/2026;100;;SP320_92058_92050;3663938679129
SP321;Ladies' V-neck linen t-shirt;Black;XS;92066;92060;24/02/2026;156;;SP321_92066_92060;3663938678313
SP321;Ladies' V-neck linen t-shirt;Black;S;92066;92061;24/02/2026;50;;SP321_92066_92061;3663938678368
SP321;Ladies' V-neck linen t-shirt;Black;M;92066;92062;24/02/2026;350;;SP321_92066_92062;3663938678412
SP321;Ladies' V-neck linen t-shirt;Black;L;92066;92063;24/02/2026;100;;SP321_92066_92063;3663938678467
SP321;Ladies' V-neck linen t-shirt;Black;XL;92066;92064;24/02/2026;126;;SP321_92066_92064;3663938678511
SP321;Ladies' V-neck linen t-shirt;Black;XXL;92066;92065;24/02/2026;20;;SP321_92066_92065;3663938678566
SP321;Ladies' V-neck linen t-shirt;Ivory;XS;92067;92060;24/02/2026;76;;SP321_92067_92060;3663938678320
SP321;Ladies' V-neck linen t-shirt;Ivory;S;92067;92061;24/02/2026;350;;SP321_92067_92061;3663938678375
SP321;Ladies' V-neck linen t-shirt;Ivory;M;92067;92062;24/02/2026;450;;SP321_92067_92062;3663938678429
SP321;Ladies' V-neck linen t-shirt;Ivory;L;92067;92063;24/02/2026;200;;SP321_92067_92063;3663938678474
SP321;Ladies' V-neck linen t-shirt;Ivory;XL;92067;92064;24/02/2026;117;;SP321_92067_92064;3663938678528
SP321;Ladies' V-neck linen t-shirt;Ivory;XXL;92067;92065;24/02/2026;1;;SP321_92067_92065;3663938678573
SP321;Ladies' V-neck linen t-shirt;Navy Blue;XS;92069;92060;24/02/2026;50;;SP321_92069_92060;3663938678337
SP321;Ladies' V-neck linen t-shirt;Navy Blue;S;92069;92061;24/02/2026;250;;SP321_92069_92061;3663938678382
SP321;Ladies' V-neck linen t-shirt;Navy Blue;M;92069;92062;24/02/2026;150;;SP321_92069_92062;3663938678436
SP321;Ladies' V-neck linen t-shirt;Navy Blue;L;92069;92063;24/02/2026;250;;SP321_92069_92063;3663938678481
SP321;Ladies' V-neck linen t-shirt;Navy Blue;XL;92069;92064;24/02/2026;170;;SP321_92069_92064;3663938678535
SP321;Ladies' V-neck linen t-shirt;Navy Blue;XXL;92069;92065;24/02/2026;14;;SP321_92069_92065;3663938678580
SP321;Ladies' V-neck linen t-shirt;Organic Khaki;XS;92070;92060;24/02/2026;104;;SP321_92070_92060;3663938678344
SP321;Ladies' V-neck linen t-shirt;Organic Khaki;S;92070;92061;24/02/2026;250;;SP321_92070_92061;3663938678399
SP321;Ladies' V-neck linen t-shirt;Organic Khaki;M;92070;92062;24/02/2026;300;;SP321_92070_92062;3663938678443
SP321;Ladies' V-neck linen t-shirt;Organic Khaki;L;92070;92063;24/02/2026;150;;SP321_92070_92063;3663938678498
SP321;Ladies' V-neck linen t-shirt;Organic Khaki;XL;92070;92064;24/02/2026;177;;SP321_92070_92064;3663938678542
SP321;Ladies' V-neck linen t-shirt;Peacock Blue;XS;92071;92060;24/02/2026;50;;SP321_92071_92060;3663938678351
SP321;Ladies' V-neck linen t-shirt;Peacock Blue;S;92071;92061;24/02/2026;150;;SP321_92071_92061;3663938678405
SP321;Ladies' V-neck linen t-shirt;Peacock Blue;M;92071;92062;24/02/2026;300;;SP321_92071_92062;3663938678450
SP321;Ladies' V-neck linen t-shirt;Peacock Blue;L;92071;92063;24/02/2026;199;;SP321_92071_92063;3663938678504
SP321;Ladies' V-neck linen t-shirt;Peacock Blue;XL;92071;92064;24/02/2026;124;;SP321_92071_92064;3663938678559
SP321;Ladies' V-neck linen t-shirt;Peacock Blue;XXL;92071;92065;24/02/2026;17;;SP321_92071_92065;3663938678603
SP325;Eco-friendly unisex organic cotton and linen t-shirt;Almond Green;XS;92080;92073;24/02/2026;60;;SP325_92080_92073;3663938318622
SP325;Eco-friendly unisex organic cotton and linen t-shirt;Almond Green;S;92080;92074;24/02/2026;289;;SP325_92080_92074;3663938318608
SP325;Eco-friendly unisex organic cotton and linen t-shirt;Almond Green;M;92080;92075;24/02/2026;600;;SP325_92080_92075;3663938318592
SP325;Eco-friendly unisex organic cotton and linen t-shirt;Almond Green;L;92080;92076;24/02/2026;300;;SP325_92080_92076;3663938318585
SP325;Eco-friendly unisex organic cotton and linen t-shirt;Almond Green;XL;92080;92077;24/02/2026;315;;SP325_92080_92077;3663938318615
SP325;Eco-friendly unisex organic cotton and linen t-shirt;Almond Green;XXL;92080;92078;24/02/2026;259;;SP325_92080_92078;3663938318639
SP325;Eco-friendly unisex organic cotton and linen t-shirt;Ivory;XS;92081;92073;24/02/2026;100;;SP325_92081_92073;3663938318691
SP325;Eco-friendly unisex organic cotton and linen t-shirt;Ivory;S;92081;92074;24/02/2026;599;;SP325_92081_92074;3663938318677
SP325;Eco-friendly unisex organic cotton and linen t-shirt;Ivory;M;92081;92075;24/02/2026;300;;SP325_92081_92075;3663938318660
SP343;Ladies' linen tank top;Black;S;91710;91706;24/02/2026;300;;SP343_91710_91706;3663938621272
SP343;Ladies' linen tank top;Black;M;91710;91707;24/02/2026;198;;SP343_91710_91707;3663938621265
SP343;Ladies' linen tank top;Black;L;91710;91708;24/02/2026;95;;SP343_91710_91708;3663938621258
SP343;Ladies' linen tank top;Ivory;S;91711;91706;24/02/2026;298;;SP343_91711_91706;3663938621326
SP343;Ladies' linen tank top;Ivory;M;91711;91707;24/02/2026;297;;SP343_91711_91707;3663938621319
SP343;Ladies' linen tank top;Ivory;L;91711;91708;24/02/2026;98;;SP343_91711_91708;3663938621302
SP343;Ladies' linen tank top;Organic Khaki;S;91712;91706;24/02/2026;203;;SP343_91712_91706;3663938621371
SP343;Ladies' linen tank top;Organic Khaki;M;91712;91707;24/02/2026;215;;SP343_91712_91707;3663938621364
SP343;Ladies' linen tank top;Organic Khaki;L;91712;91708;24/02/2026;97;;SP343_91712_91708;3663938621357
SP403;Unisex sherpa dropped shoulders quarter zip sweatshirt;Black;XS;96264;96257;13/11/2025;370;;SP403_96264_96257;3663639145176
SP403;Unisex sherpa dropped shoulders quarter zip sweatshirt;Black;S;96264;96258;13/11/2025;820;;SP403_96264_96258;3663639145152
SP403;Unisex sherpa dropped shoulders quarter zip sweatshirt;Black;M;96264;96259;13/11/2025;1422;;SP403_96264_96259;3663639145145
SP403;Unisex sherpa dropped shoulders quarter zip sweatshirt;Black;L;96264;96260;13/11/2025;1220;;SP403_96264_96260;3663639145138
SP403;Unisex sherpa dropped shoulders quarter zip sweatshirt;Black;XL;96264;96261;13/11/2025;620;;SP403_96264_96261;3663639145169
SP403;Unisex sherpa dropped shoulders quarter zip sweatshirt;Black;XXL;96264;96262;13/11/2025;270;;SP403_96264_96262;3663639145183
SP403;Unisex sherpa dropped shoulders quarter zip sweatshirt;Black;3XL;96264;96263;13/11/2025;170;;SP403_96264_96263;3663639145121
SP403;Unisex sherpa dropped shoulders quarter zip sweatshirt;Forest Khaki;XS;96265;96257;13/11/2025;290;;SP403_96265_96257;3663639148832
SP403;Unisex sherpa dropped shoulders quarter zip sweatshirt;Forest Khaki;S;96265;96258;13/11/2025;640;;SP403_96265_96258;3663639148818
SP403;Unisex sherpa dropped shoulders quarter zip sweatshirt;Forest Khaki;M;96265;96259;13/11/2025;1170;;SP403_96265_96259;3663639148801
SP403;Unisex sherpa dropped shoulders quarter zip sweatshirt;Forest Khaki;L;96265;96260;13/11/2025;970;;SP403_96265_96260;3663639148795
SP403;Unisex sherpa dropped shoulders quarter zip sweatshirt;Forest Khaki;XL;96265;96261;13/11/2025;490;;SP403_96265_96261;3663639148825
SP403;Unisex sherpa dropped shoulders quarter zip sweatshirt;Forest Khaki;XXL;96265;96262;13/11/2025;270;;SP403_96265_96262;3663639148849
SP403;Unisex sherpa dropped shoulders quarter zip sweatshirt;Forest Khaki;3XL;96265;96263;13/11/2025;170;;SP403_96265_96263;3663639148788
SP403;Unisex sherpa dropped shoulders quarter zip sweatshirt;Wet Sand;XS;96268;96257;13/11/2025;370;;SP403_96268_96257;3663639148900
SP403;Unisex sherpa dropped shoulders quarter zip sweatshirt;Wet Sand;S;96268;96258;13/11/2025;820;;SP403_96268_96258;3663639148887
SP403;Unisex sherpa dropped shoulders quarter zip sweatshirt;Wet Sand;M;96268;96259;13/11/2025;1470;;SP403_96268_96259;3663639148870
SP403;Unisex sherpa dropped shoulders quarter zip sweatshirt;Wet Sand;L;96268;96260;13/11/2025;1220;;SP403_96268_96260;3663639148863
SP403;Unisex sherpa dropped shoulders quarter zip sweatshirt;Wet Sand;XL;96268;96261;13/11/2025;620;;SP403_96268_96261;3663639148894
SP403;Unisex sherpa dropped shoulders quarter zip sweatshirt;Wet Sand;XXL;96268;96262;13/11/2025;270;;SP403_96268_96262;3663639148917
SP403;Unisex sherpa dropped shoulders quarter zip sweatshirt;Wet Sand;3XL;96268;96263;13/11/2025;170;;SP403_96268_96263;3663639148856
SP404;Unisex sherpa dropped shoulders full zip sweatshirt;Black;XS;96680;96673;03/11/2025;770;;SP404_96680_96673;3663639145381
SP404;Unisex sherpa dropped shoulders full zip sweatshirt;Black;S;96680;96674;03/11/2025;1670;;SP404_96680_96674;3663639145367
SP404;Unisex sherpa dropped shoulders full zip sweatshirt;Black;M;96680;96675;03/11/2025;2970;;SP404_96680_96675;3663639145350
SP404;Unisex sherpa dropped shoulders full zip sweatshirt;Black;L;96680;96676;03/11/2025;2470;;SP404_96680_96676;3663639145343
SP404;Unisex sherpa dropped shoulders full zip sweatshirt;Black;XL;96680;96677;03/11/2025;1270;;SP404_96680_96677;3663639145374
SP404;Unisex sherpa dropped shoulders full zip sweatshirt;Black;XXL;96680;96678;03/11/2025;570;;SP404_96680_96678;3663639145398
SP404;Unisex sherpa dropped shoulders full zip sweatshirt;Black;3XL;96680;96679;03/11/2025;270;;SP404_96680_96679;3663639145336
SP404;Unisex sherpa dropped shoulders full zip sweatshirt;Forest Khaki;XS;96681;96673;20/11/2025;600;;SP404_96681_96673;3663639148979
SP404;Unisex sherpa dropped shoulders full zip sweatshirt;Forest Khaki;S;96681;96674;20/11/2025;1320;;SP404_96681_96674;3663639148955
SP404;Unisex sherpa dropped shoulders full zip sweatshirt;Forest Khaki;M;96681;96675;20/11/2025;2370;;SP404_96681_96675;3663639148948
SP404;Unisex sherpa dropped shoulders full zip sweatshirt;Forest Khaki;L;96681;96676;20/11/2025;1940;;SP404_96681_96676;3663639148931
SP404;Unisex sherpa dropped shoulders full zip sweatshirt;Forest Khaki;XL;96681;96677;20/11/2025;1070;;SP404_96681_96677;3663639148962
SP404;Unisex sherpa dropped shoulders full zip sweatshirt;Forest Khaki;XXL;96681;96678;20/11/2025;460;;SP404_96681_96678;3663639148986
SP404;Unisex sherpa dropped shoulders full zip sweatshirt;Forest Khaki;3XL;96681;96679;20/11/2025;160;;SP404_96681_96679;3663639148924
SP404;Unisex sherpa dropped shoulders full zip sweatshirt;Wet Sand;XS;96684;96673;20/11/2025;770;;SP404_96684_96673;3663639149044
SP404;Unisex sherpa dropped shoulders full zip sweatshirt;Wet Sand;S;96684;96674;20/11/2025;1620;;SP404_96684_96674;3663639149020
SP404;Unisex sherpa dropped shoulders full zip sweatshirt;Wet Sand;M;96684;96675;20/11/2025;2920;;SP404_96684_96675;3663639149013
SP404;Unisex sherpa dropped shoulders full zip sweatshirt;Wet Sand;L;96684;96676;20/11/2025;2470;;SP404_96684_96676;3663639149006
SP404;Unisex sherpa dropped shoulders full zip sweatshirt;Wet Sand;XL;96684;96677;20/11/2025;1260;;SP404_96684_96677;3663639149037
SP404;Unisex sherpa dropped shoulders full zip sweatshirt;Wet Sand;XXL;96684;96678;20/11/2025;530;;SP404_96684_96678;3663639149051
SP404;Unisex sherpa dropped shoulders full zip sweatshirt;Wet Sand;3XL;96684;96679;20/11/2025;260;;SP404_96684_96679;3663639148993
SP5004;Ladie's linen knit short-sleeved jumpsuit;Black;XS;89400;89395;17/11/2025;90;;SP5004_89400_89395;3663938626246
SP5004;Ladie's linen knit short-sleeved jumpsuit;Black;S;89400;89396;17/11/2025;105;;SP5004_89400_89396;3663938626260
SP5004;Ladie's linen knit short-sleeved jumpsuit;Black;M;89400;89397;17/11/2025;180;;SP5004_89400_89397;3663938626284
SP5004;Ladie's linen knit short-sleeved jumpsuit;Black;L;89400;89398;17/11/2025;66;;SP5004_89400_89398;3663938626307
SP5004;Ladie's linen knit short-sleeved jumpsuit;Black;XL;89400;89399;17/11/2025;30;;SP5004_89400_89399;3663938626321
SP5004;Ladie's linen knit short-sleeved jumpsuit;Organic Khaki;XS;89401;89395;17/11/2025;148;;SP5004_89401_89395;3663938626253
SP5004;Ladie's linen knit short-sleeved jumpsuit;Organic Khaki;S;89401;89396;17/11/2025;186;;SP5004_89401_89396;3663938626277
SP5004;Ladie's linen knit short-sleeved jumpsuit;Organic Khaki;M;89401;89397;17/11/2025;201;;SP5004_89401_89397;3663938626291
SP5004;Ladie's linen knit short-sleeved jumpsuit;Organic Khaki;L;89401;89398;17/11/2025;226;;SP5004_89401_89398;3663938626314
SP5004;Ladie's linen knit short-sleeved jumpsuit;Organic Khaki;XL;89401;89399;17/11/2025;178;;SP5004_89401_89399;3663938626338
SP5008;Ladies' linen dress shirt;Organic Khaki;XS;92088;92083;24/02/2026;50;;SP5008_92088_92083;3663938624396
SP5008;Ladies' linen dress shirt;Organic Khaki;S;92088;92084;24/02/2026;400;;SP5008_92088_92084;3663938624389
SP5008;Ladies' linen dress shirt;Organic Khaki;M;92088;92085;24/02/2026;400;;SP5008_92088_92085;3663938624372
SP5008;Ladies' linen dress shirt;Organic Khaki;L;92088;92086;24/02/2026;50;;SP5008_92088_92086;3663938624365
SP5008;Ladies' linen dress shirt;Organic Khaki;XL;92088;92087;24/02/2026;85;;SP5008_92088_92087;3663938625935
SP504;Men's linen shirt;Adriatic Blue;S;92004;91992;24/02/2026;100;;SP504_92004_91992;3663938617374
SP504;Men's linen shirt;Adriatic Blue;M;92004;91995;24/02/2026;325;;SP504_92004_91995;3663938617367
SP504;Men's linen shirt;Adriatic Blue;L;92004;91996;24/02/2026;300;;SP504_92004_91996;3663938617350
SP504;Men's linen shirt;Adriatic Blue;XL;92004;91999;24/02/2026;225;;SP504_92004_91999;3663938617381
SP504;Men's linen shirt;Adriatic Blue;XXL;92004;92000;24/02/2026;117;;SP504_92004_92000;3663938617398
SP504;Men's linen shirt;Adriatic Blue;3XL;92004;92003;24/02/2026;25;;SP504_92004_92003;3663938617343
SP504;Men's linen shirt;Black;S;92008;91992;24/02/2026;75;;SP504_92008_91992;3663938617589
SP504;Men's linen shirt;Black;M;92008;91995;24/02/2026;200;;SP504_92008_91995;3663938617572
SP504;Men's linen shirt;Black;L;92008;91996;24/02/2026;200;;SP504_92008_91996;3663938617565
SP504;Men's linen shirt;Black;XL;92008;91999;24/02/2026;150;;SP504_92008_91999;3663938617596
SP504;Men's linen shirt;Black;XXL;92008;92000;24/02/2026;75;;SP504_92008_92000;3663938617602
SP504;Men's linen shirt;Black;3XL;92008;92003;24/02/2026;25;;SP504_92008_92003;3663938617558
SP504;Men's linen shirt;Cream Coffee;XS;92010;91991;24/02/2026;23;;SP504_92010_91991;3663938617756
SP504;Men's linen shirt;Cream Coffee;S;92010;91992;24/02/2026;144;;SP504_92010_91992;3663938617725
SP504;Men's linen shirt;Cream Coffee;M;92010;91995;24/02/2026;350;;SP504_92010_91995;3663938617718
SP504;Men's linen shirt;Cream Coffee;L;92010;91996;24/02/2026;350;;SP504_92010_91996;3663938617701
SP504;Men's linen shirt;Cream Coffee;XL;92010;91999;24/02/2026;218;;SP504_92010_91999;3663938617732
SP504;Men's linen shirt;Cream Coffee;XXL;92010;92000;24/02/2026;175;;SP504_92010_92000;3663938617749
SP504;Men's linen shirt;Cream Coffee;3XL;92010;92003;24/02/2026;107;;SP504_92010_92003;3663938617695
SP504;Men's linen shirt;Linen Blue;XS;92013;91991;24/02/2026;6;;SP504_92013_91991;3663938676012
SP504;Men's linen shirt;Linen Blue;S;92013;91992;24/02/2026;150;;SP504_92013_91992;3663938249155
SP504;Men's linen shirt;Linen Blue;M;92013;91995;24/02/2026;250;;SP504_92013_91995;3663938249148
SP504;Men's linen shirt;Linen Blue;L;92013;91996;24/02/2026;225;;SP504_92013_91996;3663938249131
SP504;Men's linen shirt;Linen Blue;XL;92013;91999;24/02/2026;150;;SP504_92013_91999;3663938249162
SP504;Men's linen shirt;Linen Blue;XXL;92013;92000;24/02/2026;150;;SP504_92013_92000;3663938249179
SP504;Men's linen shirt;Linen Blue;3XL;92013;92003;24/02/2026;25;;SP504_92013_92003;3663938249124
SP504;Men's linen shirt;Navy Blue;XS;92014;91991;24/02/2026;8;;SP504_92014_91991;3663938676005
SP504;Men's linen shirt;Navy Blue;S;92014;91992;24/02/2026;125;;SP504_92014_91992;3663938247366
SP504;Men's linen shirt;Navy Blue;M;92014;91995;24/02/2026;500;;SP504_92014_91995;3663938247359
SP504;Men's linen shirt;Navy Blue;L;92014;91996;24/02/2026;400;;SP504_92014_91996;3663938247342
SP504;Men's linen shirt;Navy Blue;XL;92014;91999;24/02/2026;275;;SP504_92014_91999;3663938247373
SP504;Men's linen shirt;Navy Blue;XXL;92014;92000;24/02/2026;150;;SP504_92014_92000;3663938247380
SP504;Men's linen shirt;Navy Blue;3XL;92014;92003;24/02/2026;38;;SP504_92014_92003;3663938247335
SP504;Men's linen shirt;Organic Khaki;XS;92015;91991;24/02/2026;25;;SP504_92015_91991;3663938676241
SP504;Men's linen shirt;Organic Khaki;S;92015;91992;24/02/2026;107;;SP504_92015_91992;3663938439037
SP504;Men's linen shirt;Organic Khaki;M;92015;91995;24/02/2026;468;;SP504_92015_91995;3663938439020
SP504;Men's linen shirt;Organic Khaki;L;92015;91996;24/02/2026;425;;SP504_92015_91996;3663938439013
SP504;Men's linen shirt;Organic Khaki;XL;92015;91999;24/02/2026;225;;SP504_92015_91999;3663938439044
SP504;Men's linen shirt;Organic Khaki;XXL;92015;92000;24/02/2026;100;;SP504_92015_92000;3663938439051
SP504;Men's linen shirt;Organic Khaki;3XL;92015;92003;24/02/2026;50;;SP504_92015_92003;3663938439006
SP504;Men's linen shirt;Petal Rose;S;92017;91992;24/02/2026;125;;SP504_92017_91992;3663938617862
SP504;Men's linen shirt;Petal Rose;M;92017;91995;24/02/2026;275;;SP504_92017_91995;3663938617855
SP504;Men's linen shirt;Petal Rose;L;92017;91996;24/02/2026;400;;SP504_92017_91996;3663938617848
SP504;Men's linen shirt;Petal Rose;XL;92017;91999;24/02/2026;223;;SP504_92017_91999;3663938617879
SP504;Men's linen shirt;Petal Rose;XXL;92017;92000;24/02/2026;75;;SP504_92017_92000;3663938617886
SP504;Men's linen shirt;Petal Rose;3XL;92017;92003;24/02/2026;48;;SP504_92017_92003;3663938617831
SP504;Men's linen shirt;White;XS;92018;91991;24/02/2026;25;;SP504_92018_91991;3663938617312
SP504;Men's linen shirt;White;S;92018;91992;24/02/2026;150;;SP504_92018_91992;3663938247304
SP504;Men's linen shirt;White;M;92018;91995;24/02/2026;525;;SP504_92018_91995;3663938247298
SP504;Men's linen shirt;White;L;92018;91996;24/02/2026;300;;SP504_92018_91996;3663938247281
SP504;Men's linen shirt;White;XL;92018;91999;24/02/2026;150;;SP504_92018_91999;3663938247311
SP504;Men's linen shirt;White;XXL;92018;92000;24/02/2026;100;;SP504_92018_92000;3663938247328
SP504;Men's linen shirt;White;3XL;92018;92003;24/02/2026;50;;SP504_92018_92003;3663938247274
SP504;Men's linen shirt;Linen;XS;93455;91991;24/02/2026;100;;SP504_93455_91991;3663938617329
SP504;Men's linen shirt;Linen;S;93455;91992;24/02/2026;399;;SP504_93455_91992;3663938247427
SP504;Men's linen shirt;Linen;M;93455;91995;24/02/2026;1198;;SP504_93455_91995;3663938247410
SP504;Men's linen shirt;Linen;L;93455;91996;24/02/2026;1424;;SP504_93455_91996;3663938247403
SP504;Men's linen shirt;Linen;XL;93455;91999;24/02/2026;689;;SP504_93455_91999;3663938247434
SP504;Men's linen shirt;Linen;XXL;93455;92000;24/02/2026;265;;SP504_93455_92000;3663938247441
SP504;Men's linen shirt;Linen;3XL;93455;92003;24/02/2026;125;;SP504_93455_92003;3663938247397
SP505;Ladies’ linen shirt;Black;XS;92103;92091;24/02/2026;61;;SP505_92103_92091;3663938618005
SP505;Ladies’ linen shirt;Black;S;92103;92093;24/02/2026;150;;SP505_92103_92093;3663938617985
SP505;Ladies’ linen shirt;Black;M;92103;92094;24/02/2026;150;;SP505_92103_92094;3663938617978
SP505;Ladies’ linen shirt;Black;L;92103;92097;24/02/2026;150;;SP505_92103_92097;3663938617961
SP505;Ladies’ linen shirt;Black;XL;92103;92098;24/02/2026;74;;SP505_92103_92098;3663938617992
SP505;Ladies’ linen shirt;Black;XXL;92103;92101;24/02/2026;20;;SP505_92103_92101;3663938618012
SP505;Ladies’ linen shirt;Jade Green;XS;92105;92091;24/02/2026;90;;SP505_92105_92091;3663938618128
SP505;Ladies’ linen shirt;Jade Green;S;92105;92093;24/02/2026;250;;SP505_92105_92093;3663938618104
SP505;Ladies’ linen shirt;Jade Green;M;92105;92094;24/02/2026;250;;SP505_92105_92094;3663938618098
SP505;Ladies’ linen shirt;Jade Green;L;92105;92097;24/02/2026;225;;SP505_92105_92097;3663938618081
SP505;Ladies’ linen shirt;Jade Green;XL;92105;92098;24/02/2026;132;;SP505_92105_92098;3663938618111
SP505;Ladies’ linen shirt;Jade Green;XXL;92105;92101;24/02/2026;66;;SP505_92105_92101;3663938618135
SP505;Ladies’ linen shirt;Navy Blue;XS;92108;92091;24/02/2026;102;;SP505_92108_92091;3663938247557
SP505;Ladies’ linen shirt;Navy Blue;S;92108;92093;24/02/2026;200;;SP505_92108_92093;3663938247533
SP505;Ladies’ linen shirt;Navy Blue;M;92108;92094;24/02/2026;450;;SP505_92108_92094;3663938247526
SP505;Ladies’ linen shirt;Navy Blue;L;92108;92097;24/02/2026;304;;SP505_92108_92097;3663938247519
SP505;Ladies’ linen shirt;Navy Blue;XL;92108;92098;24/02/2026;133;;SP505_92108_92098;3663938247540
SP505;Ladies’ linen shirt;Navy Blue;XXL;92108;92101;24/02/2026;87;;SP505_92108_92101;3663938247564
SP505;Ladies’ linen shirt;Organic Khaki;S;92109;92093;24/02/2026;150;;SP505_92109_92093;3663938439136
SP505;Ladies’ linen shirt;Organic Khaki;M;92109;92094;24/02/2026;150;;SP505_92109_92094;3663938439143
SP505;Ladies’ linen shirt;Organic Khaki;L;92109;92097;24/02/2026;119;;SP505_92109_92097;3663938439150
SP505;Ladies’ linen shirt;Organic Khaki;XL;92109;92098;24/02/2026;33;;SP505_92109_92098;3663938439167
SP505;Ladies’ linen shirt;Petal Rose;XS;92110;92091;24/02/2026;32;;SP505_92110_92091;3663938618180
SP505;Ladies’ linen shirt;Petal Rose;S;92110;92093;24/02/2026;200;;SP505_92110_92093;3663938618166
SP505;Ladies’ linen shirt;Petal Rose;M;92110;92094;24/02/2026;200;;SP505_92110_92094;3663938618159
SP505;Ladies’ linen shirt;Petal Rose;L;92110;92097;24/02/2026;122;;SP505_92110_92097;3663938618142
SP505;Ladies’ linen shirt;Petal Rose;XL;92110;92098;24/02/2026;57;;SP505_92110_92098;3663938618173
SP505;Ladies’ linen shirt;Petal Rose;XXL;92110;92101;24/02/2026;29;;SP505_92110_92101;3663938618197
SP505;Ladies’ linen shirt;White;XS;92111;92091;24/02/2026;149;;SP505_92111_92091;3663938247496
SP505;Ladies’ linen shirt;White;S;92111;92093;24/02/2026;373;;SP505_92111_92093;3663938247472
SP505;Ladies’ linen shirt;White;M;92111;92094;24/02/2026;420;;SP505_92111_92094;3663938247465
SP505;Ladies’ linen shirt;White;L;92111;92097;24/02/2026;300;;SP505_92111_92097;3663938247458
SP505;Ladies’ linen shirt;White;XL;92111;92098;24/02/2026;145;;SP505_92111_92098;3663938247489
SP505;Ladies’ linen shirt;White;XXL;92111;92101;24/02/2026;43;;SP505_92111_92101;3663938247502
SP505;Ladies’ linen shirt;Linen;XS;93457;92091;24/02/2026;25;;SP505_93457_92091;3663938247618
SP505;Ladies’ linen shirt;Linen;S;93457;92093;24/02/2026;200;;SP505_93457_92093;3663938247595
SP505;Ladies’ linen shirt;Linen;M;93457;92094;24/02/2026;350;;SP505_93457_92094;3663938247588
SP505;Ladies’ linen shirt;Linen;L;93457;92097;24/02/2026;200;;SP505_93457_92097;3663938247571
SP505;Ladies’ linen shirt;Linen;XL;93457;92098;24/02/2026;100;;SP505_93457_92098;3663938247601
SP505;Ladies’ linen shirt;Linen;XXL;93457;92101;24/02/2026;98;;SP505_93457_92101;3663938247625
SP506IC;Eco-friendly men's shirt;White;M;92124;92113;19/09/2025;640;;SP506IC_92124_92113;3663938370880
SP508;Unisex sherpa dropped shoulders overshirt;Black;XS;94062;94055;20/11/2025;220;;SP508_94062_94055;3663639145596
SP508;Unisex sherpa dropped shoulders overshirt;Black;S;94062;94056;20/11/2025;480;;SP508_94062_94056;3663639145572
SP508;Unisex sherpa dropped shoulders overshirt;Black;M;94062;94057;20/11/2025;870;;SP508_94062_94057;3663639145565
SP508;Unisex sherpa dropped shoulders overshirt;Black;L;94062;94058;20/11/2025;720;;SP508_94062_94058;3663639145558
SP508;Unisex sherpa dropped shoulders overshirt;Black;XL;94062;94059;20/11/2025;370;;SP508_94062_94059;3663639145589
SP508;Unisex sherpa dropped shoulders overshirt;Black;XXL;94062;94060;20/11/2025;170;;SP508_94062_94060;3663639145602
SP508;Unisex sherpa dropped shoulders overshirt;Black;3XL;94062;94061;20/11/2025;170;;SP508_94062_94061;3663639145541
SP508;Unisex sherpa dropped shoulders overshirt;Forest Khaki;XS;96277;94055;20/11/2025;170;;SP508_96277_94055;3663639149112
SP508;Unisex sherpa dropped shoulders overshirt;Forest Khaki;S;96277;94056;20/11/2025;400;;SP508_96277_94056;3663639149099
SP508;Unisex sherpa dropped shoulders overshirt;Forest Khaki;M;96277;94057;20/11/2025;670;;SP508_96277_94057;3663639149082
SP508;Unisex sherpa dropped shoulders overshirt;Forest Khaki;L;96277;94058;20/11/2025;600;;SP508_96277_94058;3663639149075
SP508;Unisex sherpa dropped shoulders overshirt;Forest Khaki;XL;96277;94059;20/11/2025;300;;SP508_96277_94059;3663639149105
SP508;Unisex sherpa dropped shoulders overshirt;Forest Khaki;XXL;96277;94060;20/11/2025;170;;SP508_96277_94060;3663639149129
SP508;Unisex sherpa dropped shoulders overshirt;Forest Khaki;3XL;96277;94061;20/11/2025;170;;SP508_96277_94061;3663639149068
SP508;Unisex sherpa dropped shoulders overshirt;Wet Sand;XS;96278;94055;20/11/2025;220;;SP508_96278_94055;3663639149181
SP508;Unisex sherpa dropped shoulders overshirt;Wet Sand;S;96278;94056;20/11/2025;480;;SP508_96278_94056;3663639149167
SP508;Unisex sherpa dropped shoulders overshirt;Wet Sand;M;96278;94057;20/11/2025;870;;SP508_96278_94057;3663639149150
SP508;Unisex sherpa dropped shoulders overshirt;Wet Sand;L;96278;94058;20/11/2025;720;;SP508_96278_94058;3663639149143
SP508;Unisex sherpa dropped shoulders overshirt;Wet Sand;XL;96278;94059;20/11/2025;370;;SP508_96278_94059;3663639149174
SP508;Unisex sherpa dropped shoulders overshirt;Wet Sand;XXL;96278;94060;20/11/2025;170;;SP508_96278_94060;3663639149198
SP508;Unisex sherpa dropped shoulders overshirt;Wet Sand;3XL;96278;94061;20/11/2025;170;;SP508_96278_94061;3663639149136
SP509;Men's linen bowling collar short-sleeved shirt;Linen;XS;92132;92125;24/02/2026;36;;SP509_92132_92125;3663938577715
SP509;Men's linen bowling collar short-sleeved shirt;Linen;S;92132;92126;24/02/2026;388;;SP509_92132_92126;3663938577692
SP509;Men's linen bowling collar short-sleeved shirt;Linen;M;92132;92127;24/02/2026;593;;SP509_92132_92127;3663938577685
SP509;Men's linen bowling collar short-sleeved shirt;Linen;L;92132;92128;24/02/2026;724;;SP509_92132_92128;3663938577678
SP509;Men's linen bowling collar short-sleeved shirt;Linen;XL;92132;92129;24/02/2026;393;;SP509_92132_92129;3663938577708
SP509;Men's linen bowling collar short-sleeved shirt;Linen;XXL;92132;92130;24/02/2026;75;;SP509_92132_92130;3663938577722
SP509;Men's linen bowling collar short-sleeved shirt;Linen Blue;XS;92133;92125;24/02/2026;41;;SP509_92133_92125;3663938577647
SP509;Men's linen bowling collar short-sleeved shirt;Linen Blue;S;92133;92126;24/02/2026;125;;SP509_92133_92126;3663938577623
SP509;Men's linen bowling collar short-sleeved shirt;Linen Blue;M;92133;92127;24/02/2026;323;;SP509_92133_92127;3663938577616
SP509;Men's linen bowling collar short-sleeved shirt;Linen Blue;L;92133;92128;24/02/2026;250;;SP509_92133_92128;3663938577609
SP509;Men's linen bowling collar short-sleeved shirt;Linen Blue;XL;92133;92129;24/02/2026;159;;SP509_92133_92129;3663938577630
SP509;Men's linen bowling collar short-sleeved shirt;Linen Blue;XXL;92133;92130;24/02/2026;100;;SP509_92133_92130;3663938577654
SP517;Men's Linen Short-sleeved Shirt;Linen Sand;S;89422;89416;17/11/2025;49;;SP517_89422_89416;3663938622347
SP517;Men's Linen Short-sleeved Shirt;Linen Sand;M;89422;89417;17/11/2025;95;;SP517_89422_89417;3663938622378
SP517;Men's Linen Short-sleeved Shirt;Linen Sand;L;89422;89418;17/11/2025;100;;SP517_89422_89418;3663938622408
SP517;Men's Linen Short-sleeved Shirt;Linen Sand;XL;89422;89419;17/11/2025;36;;SP517_89422_89419;3663938622439
SP517;Men's Linen Short-sleeved Shirt;Linen Sand;XXL;89422;89420;17/11/2025;17;;SP517_89422_89420;3663938622460
SP517;Men's Linen Short-sleeved Shirt;Linen Sand;3XL;89422;89421;17/11/2025;27;;SP517_89422_89421;3663938622491
SP517;Men's Linen Short-sleeved Shirt;Navy Blue;S;89423;89416;17/11/2025;53;;SP517_89423_89416;3663938622354
SP517;Men's Linen Short-sleeved Shirt;Navy Blue;M;89423;89417;17/11/2025;100;;SP517_89423_89417;3663938622385
SP517;Men's Linen Short-sleeved Shirt;Navy Blue;L;89423;89418;17/11/2025;100;;SP517_89423_89418;3663938622415
SP517;Men's Linen Short-sleeved Shirt;Navy Blue;XL;89423;89419;17/11/2025;72;;SP517_89423_89419;3663938622446
SP517;Men's Linen Short-sleeved Shirt;Navy Blue;XXL;89423;89420;17/11/2025;45;;SP517_89423_89420;3663938622477
SP517;Men's Linen Short-sleeved Shirt;Navy Blue;3XL;89423;89421;17/11/2025;31;;SP517_89423_89421;3663938622507
SP517;Men's Linen Short-sleeved Shirt;Organic Khaki;S;89424;89416;17/11/2025;22;;SP517_89424_89416;3663938622361
SP517;Men's Linen Short-sleeved Shirt;Organic Khaki;M;89424;89417;17/11/2025;47;;SP517_89424_89417;3663938622392
SP517;Men's Linen Short-sleeved Shirt;Organic Khaki;L;89424;89418;17/11/2025;69;;SP517_89424_89418;3663938622422
SP517;Men's Linen Short-sleeved Shirt;Organic Khaki;XL;89424;89419;17/11/2025;19;;SP517_89424_89419;3663938622453
SP517;Men's Linen Short-sleeved Shirt;Organic Khaki;XXL;89424;89420;17/11/2025;18;;SP517_89424_89420;3663938622484
SP517;Men's Linen Short-sleeved Shirt;Organic Khaki;3XL;89424;89421;17/11/2025;50;;SP517_89424_89421;3663938622514
SP518;Men's Linen Shirt;Linen Sand;S;89431;89425;17/11/2025;43;;SP518_89431_89425;3663938622521
SP518;Men's Linen Shirt;Linen Sand;M;89431;89426;17/11/2025;99;;SP518_89431_89426;3663938622552
SP518;Men's Linen Shirt;Linen Sand;L;89431;89427;17/11/2025;95;;SP518_89431_89427;3663938622583
SP518;Men's Linen Shirt;Linen Sand;XL;89431;89428;17/11/2025;46;;SP518_89431_89428;3663938622613
SP518;Men's Linen Shirt;Linen Sand;XXL;89431;89429;17/11/2025;49;;SP518_89431_89429;3663938622644
SP518;Men's Linen Shirt;Linen Sand;3XL;89431;89430;17/11/2025;34;;SP518_89431_89430;3663938622675
SP518;Men's Linen Shirt;Navy Blue;S;89432;89425;17/11/2025;68;;SP518_89432_89425;3663938622538
SP518;Men's Linen Shirt;Navy Blue;M;89432;89426;17/11/2025;100;;SP518_89432_89426;3663938622569
SP518;Men's Linen Shirt;Navy Blue;L;89432;89427;17/11/2025;125;;SP518_89432_89427;3663938622590
SP518;Men's Linen Shirt;Navy Blue;XL;89432;89428;17/11/2025;64;;SP518_89432_89428;3663938622620
SP518;Men's Linen Shirt;Navy Blue;XXL;89432;89429;17/11/2025;46;;SP518_89432_89429;3663938622651
SP518;Men's Linen Shirt;Navy Blue;3XL;89432;89430;17/11/2025;8;;SP518_89432_89430;3663938622682
SP518;Men's Linen Shirt;Organic Khaki;S;89433;89425;17/11/2025;80;;SP518_89433_89425;3663938622545
SP518;Men's Linen Shirt;Organic Khaki;M;89433;89426;17/11/2025;75;;SP518_89433_89426;3663938622576
SP518;Men's Linen Shirt;Organic Khaki;L;89433;89427;17/11/2025;25;;SP518_89433_89427;3663938622606
SP518;Men's Linen Shirt;Organic Khaki;XL;89433;89428;17/11/2025;67;;SP518_89433_89428;3663938622637
SP518;Men's Linen Shirt;Organic Khaki;XXL;89433;89429;17/11/2025;50;;SP518_89433_89429;3663938622668
SP518;Men's Linen Shirt;Organic Khaki;3XL;89433;89430;17/11/2025;9;;SP518_89433_89430;3663938622699
SP522;Eco-friendly men's jersey washed effect bowling collar short-sleeved shirt;Washed Cream Coffee;S;89455;89450;24/12/2025;228;;SP522_89455_89450;3663938622705
SP522;Eco-friendly men's jersey washed effect bowling collar short-sleeved shirt;Washed Cream Coffee;M;89455;89451;24/12/2025;357;;SP522_89455_89451;3663938622729
SP522;Eco-friendly men's jersey washed effect bowling collar short-sleeved shirt;Washed Cream Coffee;L;89455;89452;24/12/2025;357;;SP522_89455_89452;3663938622743
SP522;Eco-friendly men's jersey washed effect bowling collar short-sleeved shirt;Washed Cream Coffee;XL;89455;89453;24/12/2025;253;;SP522_89455_89453;3663938622767
SP522;Eco-friendly men's jersey washed effect bowling collar short-sleeved shirt;Washed Cream Coffee;XXL;89455;89454;24/12/2025;150;;SP522_89455_89454;3663938622781
SP522;Eco-friendly men's jersey washed effect bowling collar short-sleeved shirt;Washed Organic Khaki;S;89456;89450;24/12/2025;250;;SP522_89456_89450;3663938622712
SP522;Eco-friendly men's jersey washed effect bowling collar short-sleeved shirt;Washed Organic Khaki;M;89456;89451;24/12/2025;423;;SP522_89456_89451;3663938622736
SP522;Eco-friendly men's jersey washed effect bowling collar short-sleeved shirt;Washed Organic Khaki;L;89456;89452;24/12/2025;400;;SP522_89456_89452;3663938622750
SP522;Eco-friendly men's jersey washed effect bowling collar short-sleeved shirt;Washed Organic Khaki;XL;89456;89453;24/12/2025;286;;SP522_89456_89453;3663938622774
SP522;Eco-friendly men's jersey washed effect bowling collar short-sleeved shirt;Washed Organic Khaki;XXL;89456;89454;24/12/2025;125;;SP522_89456_89454;3663938622798
SP523;Ladie's Linen Bowling Collar Short-Sleeved Shirt;Ivory;XS;89462;89457;17/11/2025;28;;SP523_89462_89457;3663639130578
SP523;Ladie's Linen Bowling Collar Short-Sleeved Shirt;Ivory;S;89462;89458;17/11/2025;100;;SP523_89462_89458;3663639130592
SP523;Ladie's Linen Bowling Collar Short-Sleeved Shirt;Ivory;M;89462;89459;17/11/2025;112;;SP523_89462_89459;3663639130615
SP523;Ladie's Linen Bowling Collar Short-Sleeved Shirt;Ivory;L;89462;89460;17/11/2025;2;;SP523_89462_89460;3663639130639
SP523;Ladie's Linen Bowling Collar Short-Sleeved Shirt;Ivory;XL;89462;89461;17/11/2025;9;;SP523_89462_89461;3663639130653
SP523;Ladie's Linen Bowling Collar Short-Sleeved Shirt;Organic Khaki;XS;89463;89457;17/11/2025;38;;SP523_89463_89457;3663639130585
SP523;Ladie's Linen Bowling Collar Short-Sleeved Shirt;Organic Khaki;S;89463;89458;17/11/2025;102;;SP523_89463_89458;3663639130608
SP523;Ladie's Linen Bowling Collar Short-Sleeved Shirt;Organic Khaki;M;89463;89459;17/11/2025;78;;SP523_89463_89459;3663639130622
SP523;Ladie's Linen Bowling Collar Short-Sleeved Shirt;Organic Khaki;L;89463;89460;17/11/2025;10;;SP523_89463_89460;3663639130646
SP523;Ladie's Linen Bowling Collar Short-Sleeved Shirt;Organic Khaki;XL;89463;89461;17/11/2025;13;;SP523_89463_89461;3663639130660
SP603;Men's sherpa vest;Black;S;94071;94065;20/11/2025;1480;;SP603_94071_94065;3663639145787
SP603;Men's sherpa vest;Black;M;94071;94066;20/11/2025;3030;;SP603_94071_94066;3663639145770
SP603;Men's sherpa vest;Black;L;94071;94067;20/11/2025;3050;;SP603_94071_94067;3663639145763
SP603;Men's sherpa vest;Black;XL;94071;94068;20/11/2025;1360;;SP603_94071_94068;3663639145794
SP603;Men's sherpa vest;Black;XXL;94071;94069;20/11/2025;580;;SP603_94071_94069;3663639145800
SP603;Men's sherpa vest;Black;3XL;94071;94070;20/11/2025;270;;SP603_94071_94070;3663639145756
SP603;Men's sherpa vest;Forest Khaki;S;96279;94065;20/11/2025;1158;;SP603_96279_94065;3663639149235
SP603;Men's sherpa vest;Forest Khaki;M;96279;94066;20/11/2025;2388;;SP603_96279_94066;3663639149228
SP603;Men's sherpa vest;Forest Khaki;L;96279;94067;20/11/2025;2327;;SP603_96279_94067;3663639149211
SP603;Men's sherpa vest;Forest Khaki;XL;96279;94068;20/11/2025;1168;;SP603_96279_94068;3663639149242
SP603;Men's sherpa vest;Forest Khaki;XXL;96279;94069;20/11/2025;509;;SP603_96279_94069;3663639149259
SP603;Men's sherpa vest;Forest Khaki;3XL;96279;94070;20/11/2025;160;;SP603_96279_94070;3663639149204
SP603;Men's sherpa vest;Wet Sand;S;96280;94065;20/11/2025;1388;;SP603_96280_94065;3663639149297
SP603;Men's sherpa vest;Wet Sand;M;96280;94066;20/11/2025;3078;;SP603_96280_94066;3663639149280
SP603;Men's sherpa vest;Wet Sand;L;96280;94067;20/11/2025;2957;;SP603_96280_94067;3663639149273
SP603;Men's sherpa vest;Wet Sand;XL;96280;94068;20/11/2025;1368;;SP603_96280_94068;3663639149303
SP603;Men's sherpa vest;Wet Sand;XXL;96280;94069;20/11/2025;699;;SP603_96280_94069;3663639149310
SP603;Men's sherpa vest;Wet Sand;3XL;96280;94070;20/11/2025;260;;SP603_96280_94070;3663639149266
SP604;Ladies' sherpa vest;Black;XS;94079;94074;20/11/2025;470;;SP604_94079_94074;3663639145978
SP604;Ladies' sherpa vest;Black;S;94079;94075;20/11/2025;868;;SP604_94079_94075;3663639145954
SP604;Ladies' sherpa vest;Black;M;94079;94076;20/11/2025;868;;SP604_94079_94076;3663639145947
SP604;Ladies' sherpa vest;Black;L;94079;94077;20/11/2025;419;;SP604_94079_94077;3663639145930
SP604;Ladies' sherpa vest;Black;XL;94079;94078;20/11/2025;219;;SP604_94079_94078;3663639145961
SP604;Ladies' sherpa vest;Forest Khaki;XS;96281;94074;20/11/2025;468;;SP604_96281_94074;3663639149365
SP604;Ladies' sherpa vest;Forest Khaki;S;96281;94075;20/11/2025;866;;SP604_96281_94075;3663639149341
SP604;Ladies' sherpa vest;Forest Khaki;M;96281;94076;20/11/2025;868;;SP604_96281_94076;3663639149334
SP604;Ladies' sherpa vest;Forest Khaki;L;96281;94077;20/11/2025;419;;SP604_96281_94077;3663639149327
SP604;Ladies' sherpa vest;Forest Khaki;XL;96281;94078;20/11/2025;219;;SP604_96281_94078;3663639149358
SP604;Ladies' sherpa vest;Wet Sand;XS;96282;94074;20/11/2025;818;;SP604_96282_94074;3663639149419
SP604;Ladies' sherpa vest;Wet Sand;S;96282;94075;20/11/2025;1466;;SP604_96282_94075;3663639149396
SP604;Ladies' sherpa vest;Wet Sand;M;96282;94076;20/11/2025;1468;;SP604_96282_94076;3663639149389
SP604;Ladies' sherpa vest;Wet Sand;L;96282;94077;20/11/2025;719;;SP604_96282_94077;3663639149372
SP604;Ladies' sherpa vest;Wet Sand;XL;96282;94078;20/11/2025;369;;SP604_96282_94078;3663639149402
SP708;Eco-friendly men's linen and organic cotton trousers;Navy Blue;S;92180;92174;28/01/2026;400;;SP708_92180_92174;3663938328409
SP708;Eco-friendly men's linen and organic cotton trousers;Navy Blue;M;92180;92175;28/01/2026;400;;SP708_92180_92175;3663938328393
SP708;Eco-friendly men's linen and organic cotton trousers;Navy Blue;L;92180;92176;28/01/2026;600;;SP708_92180_92176;3663938328386
SP708;Eco-friendly men's linen and organic cotton trousers;Navy Blue;XL;92180;92177;28/01/2026;200;;SP708_92180_92177;3663938328416
SP708;Eco-friendly men's linen and organic cotton trousers;Navy Blue;XXL;92180;92178;28/01/2026;60;;SP708_92180_92178;3663938328430
SP708;Eco-friendly men's linen and organic cotton trousers;Wet Sand;XS;92181;92173;28/01/2026;180;;SP708_92181_92173;3663938328492
SP708;Eco-friendly men's linen and organic cotton trousers;Wet Sand;S;92181;92174;28/01/2026;380;;SP708_92181_92174;3663938328478
SP708;Eco-friendly men's linen and organic cotton trousers;Wet Sand;M;92181;92175;28/01/2026;580;;SP708_92181_92175;3663938328461
SP708;Eco-friendly men's linen and organic cotton trousers;Wet Sand;L;92181;92176;28/01/2026;500;;SP708_92181_92176;3663938328454
SP708;Eco-friendly men's linen and organic cotton trousers;Wet Sand;XL;92181;92177;28/01/2026;160;;SP708_92181_92177;3663938328485
SP708;Eco-friendly men's linen and organic cotton trousers;Wet Sand;XXL;92181;92178;28/01/2026;60;;SP708_92181_92178;3663938328508
SP710;Men's Linen Trousers;Linen Sand;38 FR;92196;92189;24/02/2026;240;;SP710_92196_92189;3663938576886
SP710;Men's Linen Trousers;Linen Sand;40 FR;92196;92190;24/02/2026;180;;SP710_92196_92190;3663938576893
SP710;Men's Linen Trousers;Linen Sand;42 FR;92196;92191;24/02/2026;400;;SP710_92196_92191;3663938576909
SP710;Men's Linen Trousers;Linen Sand;44 FR;92196;92192;24/02/2026;40;;SP710_92196_92192;3663938576916
SP710;Men's Linen Trousers;Linen Sand;46 FR;92196;92193;24/02/2026;60;;SP710_92196_92193;3663938576923
SP710;Men's Linen Trousers;Linen Sand;50 FR;92196;92195;24/02/2026;80;;SP710_92196_92195;3663938576947
SP710;Men's Linen Trousers;Navy Blue;36 FR;92197;92188;24/02/2026;37;;SP710_92197_92188;3663938576954
SP710;Men's Linen Trousers;Navy Blue;38 FR;92197;92189;24/02/2026;120;;SP710_92197_92189;3663938576961
SP710;Men's Linen Trousers;Navy Blue;40 FR;92197;92190;24/02/2026;100;;SP710_92197_92190;3663938576978
SP710;Men's Linen Trousers;Navy Blue;42 FR;92197;92191;24/02/2026;80;;SP710_92197_92191;3663938576985
SP710;Men's Linen Trousers;Navy Blue;44 FR;92197;92192;24/02/2026;200;;SP710_92197_92192;3663938576992
SP710;Men's Linen Trousers;Navy Blue;46 FR;92197;92193;24/02/2026;200;;SP710_92197_92193;3663938577005
SP710;Men's Linen Trousers;Navy Blue;48 FR;92197;92194;24/02/2026;160;;SP710_92197_92194;3663938577012
SP710;Men's Linen Trousers;Navy Blue;50 FR;92197;92195;24/02/2026;80;;SP710_92197_92195;3663938577029
SP710;Men's Linen Trousers;White;36 FR;92198;92188;24/02/2026;40;;SP710_92198_92188;3663938577036
SP710;Men's Linen Trousers;White;38 FR;92198;92189;24/02/2026;160;;SP710_92198_92189;3663938577043
SP710;Men's Linen Trousers;White;40 FR;92198;92190;24/02/2026;100;;SP710_92198_92190;3663938577050
SP710;Men's Linen Trousers;White;42 FR;92198;92191;24/02/2026;120;;SP710_92198_92191;3663938577067
SP710;Men's Linen Trousers;White;44 FR;92198;92192;24/02/2026;180;;SP710_92198_92192;3663938577074
SP710;Men's Linen Trousers;White;46 FR;92198;92193;24/02/2026;220;;SP710_92198_92193;3663938577081
SP710;Men's Linen Trousers;White;48 FR;92198;92194;24/02/2026;102;;SP710_92198_92194;3663938577098
SP710;Men's Linen Trousers;White;50 FR;92198;92195;24/02/2026;40;;SP710_92198_92195;3663938577104
SP711;Men's Linen Bermuda;Linen Sand;36 FR;92207;92199;24/02/2026;40;;SP711_92207_92199;3663938577111
SP711;Men's Linen Bermuda;Linen Sand;38 FR;92207;92200;24/02/2026;80;;SP711_92207_92200;3663938577128
SP711;Men's Linen Bermuda;Linen Sand;40 FR;92207;92201;24/02/2026;200;;SP711_92207_92201;3663938577135
SP711;Men's Linen Bermuda;Linen Sand;42 FR;92207;92202;24/02/2026;380;;SP711_92207_92202;3663938577142
SP711;Men's Linen Bermuda;Linen Sand;44 FR;92207;92203;24/02/2026;40;;SP711_92207_92203;3663938577159
SP711;Men's Linen Bermuda;Linen Sand;46 FR;92207;92204;24/02/2026;60;;SP711_92207_92204;3663938577166
SP711;Men's Linen Bermuda;Linen Sand;48 FR;92207;92205;24/02/2026;120;;SP711_92207_92205;3663938577173
SP711;Men's Linen Bermuda;Linen Sand;50 FR;92207;92206;24/02/2026;60;;SP711_92207_92206;3663938577180
SP711;Men's Linen Bermuda;Navy Blue;38 FR;92208;92200;24/02/2026;100;;SP711_92208_92200;3663938577203
SP711;Men's Linen Bermuda;Navy Blue;40 FR;92208;92201;24/02/2026;300;;SP711_92208_92201;3663938577210
SP711;Men's Linen Bermuda;Navy Blue;42 FR;92208;92202;24/02/2026;40;;SP711_92208_92202;3663938577227
SP711;Men's Linen Bermuda;Navy Blue;44 FR;92208;92203;24/02/2026;280;;SP711_92208_92203;3663938577234
SP711;Men's Linen Bermuda;Navy Blue;46 FR;92208;92204;24/02/2026;160;;SP711_92208_92204;3663938577241
SP711;Men's Linen Bermuda;Navy Blue;48 FR;92208;92205;24/02/2026;80;;SP711_92208_92205;3663938577258
SP711;Men's Linen Bermuda;Navy Blue;50 FR;92208;92206;24/02/2026;40;;SP711_92208_92206;3663938577265
SP711;Men's Linen Bermuda;White;36 FR;92209;92199;24/02/2026;80;;SP711_92209_92199;3663938577272
SP711;Men's Linen Bermuda;White;38 FR;92209;92200;24/02/2026;240;;SP711_92209_92200;3663938577289
SP711;Men's Linen Bermuda;White;40 FR;92209;92201;24/02/2026;340;;SP711_92209_92201;3663938577296
SP711;Men's Linen Bermuda;White;42 FR;92209;92202;24/02/2026;180;;SP711_92209_92202;3663938577302
SP711;Men's Linen Bermuda;White;44 FR;92209;92203;24/02/2026;80;;SP711_92209_92203;3663938577319
SP711;Men's Linen Bermuda;White;46 FR;92209;92204;24/02/2026;60;;SP711_92209_92204;3663938577326
SP711;Men's Linen Bermuda;White;48 FR;92209;92205;24/02/2026;20;;SP711_92209_92205;3663938577333
SP712;Ladie's Linen Trousers;Linen Sand;36 FR;92216;93446;24/02/2026;260;;SP712_92216_93446;3663938577364
SP712;Ladie's Linen Trousers;Linen Sand;38 FR;92216;93447;24/02/2026;200;;SP712_92216_93447;3663938577371
SP712;Ladie's Linen Trousers;Linen Sand;40 FR;92216;93448;24/02/2026;300;;SP712_92216_93448;3663938577388
SP712;Ladie's Linen Trousers;Linen Sand;42 FR;92216;93449;24/02/2026;200;;SP712_92216_93449;3663938577395
SP712;Ladie's Linen Trousers;Linen Sand;44 FR;92216;93450;24/02/2026;160;;SP712_92216_93450;3663938577401
SP713;Ladies' Linen Short;White;34 FR;92292;92285;19/09/2025;202;;SP713_92292_92285;3663938577531
SP713;Ladies' Linen Short;White;36 FR;92292;92286;19/09/2025;480;;SP713_92292_92286;3663938577548
SP713;Ladies' Linen Short;White;38 FR;92292;92287;19/09/2025;480;;SP713_92292_92287;3663938577555
SP713;Ladies' Linen Short;White;40 FR;92292;92288;19/09/2025;220;;SP713_92292_92288;3663938577562
SP713;Ladies' Linen Short;White;42 FR;92292;92289;19/09/2025;80;;SP713_92292_92289;3663938577579
SP723;Ladie's Linen Shorts;Ivory;XS;89469;89464;17/11/2025;36;;SP723_89469_89464;3663639130479
SP723;Ladie's Linen Shorts;Ivory;S;89469;89465;17/11/2025;86;;SP723_89469_89465;3663639130493
SP723;Ladie's Linen Shorts;Ivory;M;89469;89466;17/11/2025;75;;SP723_89469_89466;3663639130516
SP723;Ladie's Linen Shorts;Organic Khaki;XS;89470;89464;17/11/2025;36;;SP723_89470_89464;3663639130486
SP723;Ladie's Linen Shorts;Organic Khaki;S;89470;89465;17/11/2025;93;;SP723_89470_89465;3663639130509
SP723;Ladie's Linen Shorts;Organic Khaki;M;89470;89466;17/11/2025;119;;SP723_89470_89466;3663639130523
SP723;Ladie's Linen Shorts;Organic Khaki;L;89470;89467;17/11/2025;23;;SP723_89470_89467;3663639130547
SP732;Eco-friendly men's linen washed effect trousers;Washed Organic Khaki;40 FR;89479;89472;24/02/2026;120;;SP732_89479_89472;3663938625355
SP732;Eco-friendly men's linen washed effect trousers;Washed Organic Khaki;42 FR;89479;89473;24/02/2026;760;;SP732_89479_89473;3663938625362
SP732;Eco-friendly men's linen washed effect trousers;Washed Organic Khaki;44 FR;89479;89474;24/02/2026;380;;SP732_89479_89474;3663938625379
SP732;Eco-friendly men's linen washed effect trousers;Washed Organic Khaki;46 FR;89479;89475;24/02/2026;140;;SP732_89479_89475;3663938625386
SP732;Eco-friendly men's linen washed effect trousers;Washed Organic Khaki;48 FR;89479;89476;24/02/2026;86;;SP732_89479_89476;3663938625393
SP732;Eco-friendly men's linen washed effect trousers;Washed White;38 FR;89480;89471;24/02/2026;80;;SP732_89480_89471;3663938625416
SP732;Eco-friendly men's linen washed effect trousers;Washed White;40 FR;89480;89472;24/02/2026;220;;SP732_89480_89472;3663938625423
SP732;Eco-friendly men's linen washed effect trousers;Washed White;42 FR;89480;89473;24/02/2026;360;;SP732_89480_89473;3663938625430
SP732;Eco-friendly men's linen washed effect trousers;Washed White;44 FR;89480;89474;24/02/2026;260;;SP732_89480_89474;3663938625447
SP732;Eco-friendly men's linen washed effect trousers;Washed White;46 FR;89480;89475;24/02/2026;80;;SP732_89480_89475;3663938625454
SP733;Ladies' Linen Washed Effect Trousers;Washed Navy Blue;XS;92241;92235;24/02/2026;160;;SP733_92241_92235;3663938625522
SP733;Ladies' Linen Washed Effect Trousers;Washed Navy Blue;S;92241;92236;24/02/2026;260;;SP733_92241_92236;3663938625508
SP733;Ladies' Linen Washed Effect Trousers;Washed Navy Blue;M;92241;92237;24/02/2026;440;;SP733_92241_92237;3663938625492
SP733;Ladies' Linen Washed Effect Trousers;Washed Navy Blue;L;92241;92238;24/02/2026;280;;SP733_92241_92238;3663938625485
SP733;Ladies' Linen Washed Effect Trousers;Washed Navy Blue;XL;92241;92239;24/02/2026;200;;SP733_92241_92239;3663938625515
SP733;Ladies' Linen Washed Effect Trousers;Washed Navy Blue;XXL;92241;92240;24/02/2026;154;;SP733_92241_92240;3663938625539
SP733;Ladies' Linen Washed Effect Trousers;Washed Organic Khaki;XS;92242;92235;24/02/2026;140;;SP733_92242_92235;3663938625584
SP733;Ladies' Linen Washed Effect Trousers;Washed Organic Khaki;S;92242;92236;24/02/2026;320;;SP733_92242_92236;3663938625560
SP733;Ladies' Linen Washed Effect Trousers;Washed Organic Khaki;M;92242;92237;24/02/2026;440;;SP733_92242_92237;3663938625553
SP733;Ladies' Linen Washed Effect Trousers;Washed Organic Khaki;L;92242;92238;24/02/2026;260;;SP733_92242_92238;3663938625546
SP733;Ladies' Linen Washed Effect Trousers;Washed Organic Khaki;XL;92242;92239;24/02/2026;200;;SP733_92242_92239;3663938625577
SP733;Ladies' Linen Washed Effect Trousers;Washed Organic Khaki;XXL;92242;92240;24/02/2026;118;;SP733_92242_92240;3663938625591
SP733;Ladies' Linen Washed Effect Trousers;Washed White;XS;92243;92235;24/02/2026;80;;SP733_92243_92235;3663938625645
SP733;Ladies' Linen Washed Effect Trousers;Washed White;S;92243;92236;24/02/2026;560;;SP733_92243_92236;3663938625621
SP733;Ladies' Linen Washed Effect Trousers;Washed White;M;92243;92237;24/02/2026;340;;SP733_92243_92237;3663938625614
SP733;Ladies' Linen Washed Effect Trousers;Washed White;L;92243;92238;19/09/2025;20;;SP733_92243_92238;3663938625607
SP733;Ladies' Linen Washed Effect Trousers;Washed White;L;92243;92238;24/02/2026;80;;SP733_92243_92238;3663938625607
SP733;Ladies' Linen Washed Effect Trousers;Washed White;XL;92243;92239;24/02/2026;60;;SP733_92243_92239;3663938625638
